unit_id,unit_level_code,unit_level_name
240072,3,Level Three
240586,3,Level Three
239439,4,Level Four
240587,4,Level Four
243526,1,Level One
220699,1,Level One
210702,1,Level One
227398,1,Level One
230442,1,Level One
240029,5,Level Five
233504,1,Level One
237117,1,Level One
233662,5,Level Five
243807,5,Level Five
240764,8,Level Eight
239223,5,Level Five
235116,1,Level One
233796,1,Level One
212790,5,Level Five
184693,1,Level One
243866,8,Level Eight
221159,1,Level One
228095,1,Level One
173579,1,Level One
233450,5,Level Five
230471,5,Level Five
231669,8,Level Eight
228096,1,Level One
191102,1,Level One
236978,5,Level Five
239451,5,Level Five
233055,8,Level Eight
230323,1,Level One
240555,5,Level Five
236291,2,Level Two
236996,1,Level One
236603,2,Level Two
234959,5,Level Five
204741,1,Level One
233418,5,Level Five
189501,5,Level Five
213244,1,Level One
190826,1,Level One
233649,1,Level One
207181,1,Level One
221274,5,Level Five
231330,8,Level Eight
231827,8,Level Eight
236915,2,Level Two
232962,8,Level Eight
227878,2,Level Two
236612,2,Level Two
204814,5,Level Five
242445,5,Level Five
243685,5,Level Five
227882,3,Level Three
230491,1,Level One
233302,8,Level Eight
234322,5,Level Five
235281,4,Level Four
198212,1,Level One
241004,8,Level Eight
207454,4,Level Four
233968,5,Level Five
235727,1,Level One
231595,8,Level Eight
176481,5,Level Five
198593,2,Level Two
233984,4,Level Four
241171,1,Level One
234165,5,Level Five
234157,2,Level Two
234778,5,Level Five
218301,4,Level Four
236940,5,Level Five
233659,5,Level Five
233875,5,Level Five
234915,4,Level Four
242450,1,Level One
174106,4,Level Four
234849,2,Level Two
236021,5,Level Five
236012,4,Level Four
236959,5,Level Five
236941,5,Level Five
233878,5,Level Five
234912,4,Level Four
236013,4,Level Four
236968,1,Level One
204272,1,Level One
233722,2,Level Two
233723,2,Level Two
234918,4,Level Four
176683,4,Level Four
205104,1,Level One
206890,2,Level Two
231340,8,Level Eight
225769,2,Level Two
174619,2,Level Two
230518,2,Level Two
241155,5,Level Five
241414,5,Level Five
233866,5,Level Five
237003,4,Level Four
220981,2,Level Two
233721,1,Level One
233874,5,Level Five
235280,4,Level Four
222438,5,Level Five
237130,2,Level Two
231227,8,Level Eight
199209,2,Level Two
174438,2,Level Two
226779,2,Level Two
227876,2,Level Two
236640,2,Level Two
227280,2,Level Two
229801,1,Level One
171323,2,Level Two
233740,2,Level Two
191512,1,Level One
175397,3,Level Three
233475,1,Level One
190368,3,Level Three
239258,8,Level Eight
231473,8,Level Eight
229988,3,Level Three
236219,2,Level Two
235675,1,Level One
236357,1,Level One
236963,2,Level Two
233731,3,Level Three
242413,5,Level Five
234773,5,Level Five
236674,2,Level Two
230437,5,Level Five
243714,1,Level One
175394,3,Level Three
243346,4,Level Four
175036,3,Level Three
214935,1,Level One
234455,1,Level One
228453,3,Level Three
233732,3,Level Three
225775,3,Level Three
219931,3,Level Three
235002,3,Level Three
199859,2,Level Two
221632,3,Level Three
239033,4,Level Four
241206,4,Level Four
243984,2,Level Two
232122,8,Level Eight
235585,1,Level One
222198,1,Level One
233453,5,Level Five
242740,5,Level Five
224796,5,Level Five
241073,4,Level Four
239868,2,Level Two
214026,1,Level One
209927,3,Level Three
243252,5,Level Five
176431,1,Level One
242464,3,Level Three
233768,5,Level Five
241188,1,Level One
243254,5,Level Five
236855,1,Level One
243472,2,Level Two
182381,1,Level One
183981,1,Level One
204742,2,Level Two
236616,1,Level One
232097,8,Level Eight
236660,2,Level Two
205201,2,Level Two
233521,3,Level Three
213403,3,Level Three
236859,3,Level Three
240458,2,Level Two
183984,2,Level Two
243431,3,Level Three
235125,2,Level Two
214855,2,Level Two
235690,2,Level Two
231427,8,Level Eight
232152,8,Level Eight
236502,2,Level Two
191304,2,Level Two
231483,8,Level Eight
234494,3,Level Three
236850,3,Level Three
199585,2,Level Two
213999,1,Level One
215009,2,Level Two
210857,1,Level One
235328,2,Level Two
235722,3,Level Three
243919,5,Level Five
221048,5,Level Five
233348,8,Level Eight
189478,2,Level Two
214938,2,Level Two
233380,8,Level Eight
235057,1,Level One
235132,5,Level Five
235229,2,Level Two
182181,2,Level Two
228955,1,Level One
234016,3,Level Three
218205,3,Level Three
233081,8,Level Eight
235248,1,Level One
235405,4,Level Four
242469,1,Level One
236631,3,Level Three
235164,1,Level One
236273,4,Level Four
175050,2,Level Two
241979,1,Level One
235036,4,Level Four
195807,4,Level Four
228715,2,Level Two
234702,1,Level One
234244,2,Level Two
235688,2,Level Two
233458,1,Level One
181817,4,Level Four
236632,3,Level Three
174401,1,Level One
234012,3,Level Three
243959,2,Level Two
176215,1,Level One
179083,1,Level One
173783,3,Level Three
235713,1,Level One
236967,2,Level Two
235249,1,Level One
212158,5,Level Five
184124,2,Level Two
243269,5,Level Five
230075,5,Level Five
192100,5,Level Five
236337,3,Level Three
233511,4,Level Four
240177,1,Level One
233420,5,Level Five
221396,3,Level Three
228830,3,Level Three
206711,4,Level Four
235071,1,Level One
234026,1,Level One
236272,4,Level Four
213439,2,Level Two
236432,5,Level Five
233720,4,Level Four
230581,2,Level Two
235995,1,Level One
175034,2,Level Two
236004,2,Level Two
236587,2,Level Two
240648,8,Level Eight
190737,3,Level Three
222066,4,Level Four
180126,3,Level Three
179082,1,Level One
233357,8,Level Eight
241999,8,Level Eight
235490,1,Level One
199371,4,Level Four
236962,4,Level Four
236366,4,Level Four
239967,5,Level Five
238651,5,Level Five
217212,3,Level Three
243352,3,Level Three
234430,5,Level Five
234443,4,Level Four
243809,2,Level Two
192236,2,Level Two
235629,1,Level One
176546,3,Level Three
233790,1,Level One
234198,1,Level One
235025,4,Level Four
230267,3,Level Three
243504,3,Level Three
232745,8,Level Eight
190256,2,Level Two
236866,5,Level Five
243506,3,Level Three
240344,5,Level Five
204958,3,Level Three
233478,2,Level Two
235830,1,Level One
243355,3,Level Three
225777,5,Level Five
240819,4,Level Four
222578,2,Level Two
192017,2,Level Two
238871,4,Level Four
243035,5,Level Five
234179,3,Level Three
221681,1,Level One
235872,3,Level Three
191199,0,Other
233893,5,Level Five
199188,4,Level Four
206793,5,Level Five
233719,5,Level Five
235062,4,Level Four
181869,3,Level Three
239731,1,Level One
176465,2,Level Two
235061,4,Level Four
238615,1,Level One
238743,1,Level One
240315,3,Level Three
189437,5,Level Five
242458,1,Level One
240456,1,Level One
234417,2,Level Two
176672,2,Level Two
240623,2,Level Two
221435,5,Level Five
233910,4,Level Four
237022,5,Level Five
206113,5,Level Five
243720,3,Level Three
233513,5,Level Five
242460,5,Level Five
239562,4,Level Four
235031,4,Level Four
241212,4,Level Four
239875,3,Level Three
233427,5,Level Five
222093,5,Level Five
233512,5,Level Five
184365,5,Level Five
186808,5,Level Five
229015,5,Level Five
237187,5,Level Five
183054,2,Level Two
231726,8,Level Eight
232711,8,Level Eight
230494,5,Level Five
233651,3,Level Three
190888,5,Level Five
243135,5,Level Five
234412,1,Level One
236158,3,Level Three
235012,0,Other
230448,2,Level Two
237105,1,Level One
205912,5,Level Five
190915,5,Level Five
237188,5,Level Five
234597,3,Level Three
235072,1,Level One
183074,3,Level Three
234782,5,Level Five
183771,5,Level Five
236036,5,Level Five
211865,1,Level One
238740,1,Level One
214134,5,Level Five
236718,5,Level Five
205762,5,Level Five
243404,1,Level One
228477,2,Level Two
205578,5,Level Five
198445,4,Level Four
173874,1,Level One
233981,2,Level Two
239543,2,Level Two
235591,0,Other
236200,0,Other
233466,5,Level Five
241022,5,Level Five
198905,2,Level Two
237136,2,Level Two
239040,5,Level Five
233758,5,Level Five
181814,3,Level Three
234291,2,Level Two
236998,2,Level Two
235005,3,Level Three
236431,2,Level Two
207372,5,Level Five
238873,4,Level Four
240453,1,Level One
174638,5,Level Five
207526,4,Level Four
235635,2,Level Two
236604,1,Level One
243413,2,Level Two
231681,8,Level Eight
232088,8,Level Eight
213360,5,Level Five
214693,2,Level Two
229790,3,Level Three
236627,5,Level Five
236720,5,Level Five
229315,5,Level Five
243093,5,Level Five
220807,5,Level Five
237129,5,Level Five
236725,3,Level Three
221822,2,Level Two
184668,1,Level One
236235,0,Other
222071,5,Level Five
186802,3,Level Three
217112,5,Level Five
240544,5,Level Five
240238,1,Level One
231068,5,Level Five
233883,5,Level Five
230952,4,Level Four
236724,1,Level One
198404,1,Level One
236979,1,Level One
243803,2,Level Two
233382,8,Level Eight
233775,5,Level Five
229551,2,Level Two
235558,5,Level Five
234468,3,Level Three
221366,2,Level Two
234008,2,Level Two
235079,2,Level Two
234856,3,Level Three
236897,3,Level Three
230964,5,Level Five
234168,5,Level Five
221039,3,Level Three
226781,3,Level Three
235617,0,Other
238751,2,Level Two
239297,5,Level Five
242641,5,Level Five
242729,5,Level Five
236916,5,Level Five
199369,4,Level Four
189247,5,Level Five
234169,5,Level Five
227090,3,Level Three
233901,5,Level Five
235980,5,Level Five
234449,5,Level Five
174623,2,Level Two
209669,3,Level Three
192283,4,Level Four
200098,5,Level Five
239263,2,Level Two
236039,2,Level Two
232361,8,Level Eight
234426,5,Level Five
234034,5,Level Five
235053,0,Other
211831,5,Level Five
240461,2,Level Two
233502,4,Level Four
232519,8,Level Eight
233354,8,Level Eight
243009,8,Level Eight
205918,5,Level Five
236695,5,Level Five
236875,5,Level Five
242730,5,Level Five
242739,5,Level Five
243248,5,Level Five
243250,5,Level Five
207320,5,Level Five
236266,2,Level Two
240181,1,Level One
241817,1,Level One
236285,1,Level One
234464,1,Level One
233941,5,Level Five
233885,5,Level Five
219119,5,Level Five
204722,2,Level Two
237173,5,Level Five
183221,4,Level Four
239006,2,Level Two
238903,8,Level Eight
235951,5,Level Five
175762,3,Level Three
192094,5,Level Five
235082,3,Level Three
235588,1,Level One
236992,3,Level Three
243974,5,Level Five
233769,5,Level Five
234023,5,Level Five
222719,4,Level Four
234254,3,Level Three
234590,1,Level One
235075,2,Level Two
240795,1,Level One
173449,2,Level Two
242493,8,Level Eight
235758,0,Other
236254,5,Level Five
233774,5,Level Five
198177,5,Level Five
238990,1,Level One
242023,4,Level Four
182566,5,Level Five
230892,2,Level Two
173895,1,Level One
199828,1,Level One
205612,3,Level Three
236249,0,Other
183492,5,Level Five
236349,5,Level Five
198117,5,Level Five
214110,3,Level Three
233906,0,Other
235996,0,Other
221314,5,Level Five
235245,5,Level Five
209805,1,Level One
184137,3,Level Three
240068,2,Level Two
213393,0,Other
235771,2,Level Two
234461,0,Other
174457,5,Level Five
214796,2,Level Two
234947,1,Level One
235083,3,Level Three
238618,1,Level One
235677,2,Level Two
212424,3,Level Three
234424,5,Level Five
236210,5,Level Five
184282,5,Level Five
234469,0,Other
241077,5,Level Five
236847,5,Level Five
236902,5,Level Five
189250,1,Level One
236997,1,Level One
236788,3,Level Three
182726,2,Level Two
236190,2,Level Two
234364,4,Level Four
234310,4,Level Four
235518,4,Level Four
243335,4,Level Four
243336,4,Level Four
199703,5,Level Five
234599,1,Level One
219674,3,Level Three
231083,1,Level One
236075,3,Level Three
243601,3,Level Three
229266,3,Level Three
235250,1,Level One
234793,5,Level Five
235180,5,Level Five
235905,4,Level Four
234309,4,Level Four
234813,4,Level Four
234814,4,Level Four
235517,4,Level Four
197626,3,Level Three
213934,0,Other
236873,5,Level Five
238954,4,Level Four
231082,5,Level Five
229017,5,Level Five
235274,3,Level Three
236960,3,Level Three
236976,1,Level One
240126,1,Level One
205219,3,Level Three
236974,3,Level Three
235343,3,Level Three
243471,5,Level Five
232796,8,Level Eight
239343,8,Level Eight
235204,5,Level Five
189246,5,Level Five
198923,5,Level Five
239035,4,Level Four
240972,5,Level Five
241628,5,Level Five
239161,5,Level Five
214979,5,Level Five
235639,3,Level Three
235334,3,Level Three
243469,2,Level Two
191137,1,Level One
213140,2,Level Two
235019,1,Level One
236199,1,Level One
236161,5,Level Five
236323,4,Level Four
183298,5,Level Five
243380,5,Level Five
243712,5,Level Five
234327,5,Level Five
234328,5,Level Five
234329,5,Level Five
234835,5,Level Five
234836,5,Level Five
235541,5,Level Five
235542,5,Level Five
235543,5,Level Five
197328,3,Level Three
233661,5,Level Five
174756,4,Level Four
205814,3,Level Three
234669,2,Level Two
236069,3,Level Three
183752,2,Level Two
192347,3,Level Three
236065,2,Level Two
234465,1,Level One
235145,5,Level Five
236972,5,Level Five
204631,5,Level Five
233648,5,Level Five
227092,3,Level Three
214704,5,Level Five
242117,4,Level Four
234467,3,Level Three
175940,4,Level Four
234663,1,Level One
243790,2,Level Two
236681,2,Level Two
235251,1,Level One
205251,3,Level Three
205427,3,Level Three
174855,5,Level Five
240978,5,Level Five
239278,3,Level Three
233765,5,Level Five
236675,5,Level Five
236726,3,Level Three
235420,3,Level Three
236155,3,Level Three
191548,3,Level Three
219269,3,Level Three
235882,3,Level Three
242203,2,Level Two
212270,1,Level One
231222,8,Level Eight
231638,8,Level Eight
231709,8,Level Eight
233287,8,Level Eight
234184,0,Other
182919,4,Level Four
234613,5,Level Five
236614,5,Level Five
214835,3,Level Three
239927,5,Level Five
236464,5,Level Five
176714,3,Level Three
213952,0,Other
234419,3,Level Three
191140,1,Level One
236500,3,Level Three
233435,1,Level One
235647,5,Level Five
239274,3,Level Three
240330,4,Level Four
243081,5,Level Five
235242,5,Level Five
222718,4,Level Four
189300,3,Level Three
236045,3,Level Three
236950,2,Level Two
172425,3,Level Three
235331,3,Level Three
235720,3,Level Three
230604,3,Level Three
232141,8,Level Eight
212902,4,Level Four
176003,2,Level Two
236911,3,Level Three
240332,4,Level Four
243027,5,Level Five
230943,3,Level Three
197193,1,Level One
229987,2,Level Two
207204,3,Level Three
240797,2,Level Two
196909,2,Level Two
236422,1,Level One
230579,3,Level Three
232103,8,Level Eight
236990,5,Level Five
236307,5,Level Five
233763,5,Level Five
239781,3,Level Three
242630,5,Level Five
243038,5,Level Five
243131,5,Level Five
234923,5,Level Five
236436,5,Level Five
236091,5,Level Five
233931,1,Level One
234707,3,Level Three
242415,2,Level Two
203369,3,Level Three
192327,2,Level Two
233472,3,Level Three
231856,8,Level Eight
242776,0,Other
235021,1,Level One
236054,5,Level Five
222264,4,Level Four
230489,5,Level Five
204595,3,Level Three
239301,5,Level Five
243033,5,Level Five
234600,2,Level Two
241986,2,Level Two
235339,3,Level Three
236176,3,Level Three
230603,3,Level Three
212904,5,Level Five
220724,5,Level Five
238767,4,Level Four
243141,5,Level Five
243158,5,Level Five
242824,5,Level Five
243277,5,Level Five
182267,5,Level Five
228482,5,Level Five
233492,4,Level Four
234201,2,Level Two
235451,2,Level Two
236067,2,Level Two
171336,3,Level Three
180178,2,Level Two
202426,2,Level Two
239905,3,Level Three
241827,3,Level Three
233552,3,Level Three
243490,4,Level Four
243492,5,Level Five
235766,2,Level Two
241725,5,Level Five
233801,4,Level Four
242597,5,Level Five
243090,5,Level Five
243152,5,Level Five
243169,5,Level Five
236857,5,Level Five
235192,5,Level Five
235410,5,Level Five
239080,5,Level Five
234180,3,Level Three
236620,2,Level Two
236982,1,Level One
240809,3,Level Three
240813,3,Level Three
242256,3,Level Three
176419,3,Level Three
175342,3,Level Three
230578,3,Level Three
182484,4,Level Four
234622,5,Level Five
233660,3,Level Three
235008,5,Level Five
243079,5,Level Five
243096,5,Level Five
242832,5,Level Five
200094,5,Level Five
236705,5,Level Five
195805,4,Level Four
224908,4,Level Four
224910,4,Level Four
226900,4,Level Four
235099,2,Level Two
235795,2,Level Two
236498,1,Level One
239200,3,Level Three
243331,1,Level One
220275,1,Level One
242204,3,Level Three
237008,3,Level Three
189735,1,Level One
238789,5,Level Five
231821,8,Level Eight
232074,8,Level Eight
235949,5,Level Five
236656,4,Level Four
229312,3,Level Three
241729,5,Level Five
242773,5,Level Five
242414,4,Level Four
234439,3,Level Three
234928,2,Level Two
235801,2,Level Two
239547,3,Level Three
240213,1,Level One
241819,2,Level Two
199039,3,Level Three
235839,3,Level Three
236650,1,Level One
235436,5,Level Five
211847,5,Level Five
190741,5,Level Five
234351,3,Level Three
234530,3,Level Three
243613,3,Level Three
236017,4,Level Four
242703,5,Level Five
241948,4,Level Four
242525,5,Level Five
242804,5,Level Five
243181,5,Level Five
243267,5,Level Five
199920,5,Level Five
233991,5,Level Five
234028,2,Level Two
173977,2,Level Two
174665,1,Level One
181992,2,Level Two
230613,3,Level Three
236896,2,Level Two
190317,2,Level Two
221950,3,Level Three
231394,8,Level Eight
231396,8,Level Eight
242677,0,Other
236460,1,Level One
243318,4,Level Four
207281,5,Level Five
214696,3,Level Three
243990,5,Level Five
243075,5,Level Five
242829,5,Level Five
242640,4,Level Four
242728,4,Level Four
242735,4,Level Four
243917,4,Level Four
174760,2,Level Two
189377,2,Level Two
190100,2,Level Two
243605,2,Level Two
214376,2,Level Two
235217,2,Level Two
238857,3,Level Three
195763,3,Level Three
236589,1,Level One
240106,3,Level Three
197375,2,Level Two
221505,3,Level Three
233542,1,Level One
234925,1,Level One
236173,2,Level Two
235644,5,Level Five
233947,3,Level Three
233952,3,Level Three
234306,3,Level Three
235512,3,Level Three
235514,3,Level Three
236942,3,Level Three
236991,3,Level Three
243411,3,Level Three
233647,1,Level One
242736,4,Level Four
243244,4,Level Four
243245,4,Level Four
243246,4,Level Four
234727,2,Level Two
199985,5,Level Five
238839,4,Level Four
237016,2,Level Two
236267,3,Level Three
236918,2,Level Two
235382,3,Level Three
228870,2,Level Two
233491,2,Level Two
234540,3,Level Three
175654,3,Level Three
182916,3,Level Three
212150,3,Level Three
233753,3,Level Three
235232,3,Level Three
236172,1,Level One
203330,0,Other
231693,8,Level Eight
242006,8,Level Eight
213949,0,Other
231104,5,Level Five
243805,5,Level Five
235350,5,Level Five
176450,1,Level One
234492,3,Level Three
235724,0,Other
241087,5,Level Five
242075,4,Level Four
242123,4,Level Four
243280,5,Level Five
243234,2,Level Two
227033,5,Level Five
176549,5,Level Five
222580,3,Level Three
231091,3,Level Three
240259,2,Level Two
236944,3,Level Three
235240,3,Level Three
236427,2,Level Two
183167,3,Level Three
233539,2,Level Two
234387,2,Level Two
235312,2,Level Two
235398,1,Level One
235401,1,Level One
231159,1,Level One
236048,5,Level Five
236654,5,Level Five
233425,5,Level Five
234609,4,Level Four
234219,5,Level Five
205742,4,Level Four
184247,3,Level Three
174628,5,Level Five
239670,5,Level Five
184346,5,Level Five
214115,5,Level Five
204964,5,Level Five
215054,5,Level Five
206987,4,Level Four
230990,3,Level Three
235794,1,Level One
230539,2,Level Two
243718,2,Level Two
207446,2,Level Two
221033,1,Level One
235492,1,Level One
243975,5,Level Five
234479,4,Level Four
235067,5,Level Five
234951,0,Other
242763,5,Level Five
238862,4,Level Four
243428,5,Level Five
243258,1,Level One
222513,5,Level Five
228208,5,Level Five
228209,5,Level Five
227935,3,Level Three
235103,2,Level Two
239768,3,Level Three
205837,3,Level Three
240802,3,Level Three
242210,3,Level Three
229282,2,Level Two
236891,1,Level One
233537,1,Level One
218321,0,Other
230957,8,Level Eight
219844,5,Level Five
234950,5,Level Five
234786,5,Level Five
235955,5,Level Five
236329,5,Level Five
235359,5,Level Five
236861,5,Level Five
243256,1,Level One
235697,5,Level Five
235184,5,Level Five
236494,5,Level Five
205218,3,Level Three
234473,3,Level Three
174675,3,Level Three
199974,0,Other
199975,0,Other
206189,2,Level Two
213396,0,Other
231099,2,Level Two
235806,3,Level Three
239760,2,Level Two
240242,2,Level Two
234303,3,Level Three
233524,2,Level Two
232004,8,Level Eight
232364,8,Level Eight
232721,8,Level Eight
241510,8,Level Eight
242836,8,Level Eight
243503,5,Level Five
243986,5,Level Five
235414,5,Level Five
221451,5,Level Five
181497,5,Level Five
230480,4,Level Four
234446,5,Level Five
234562,3,Level Three
205743,4,Level Four
233733,5,Level Five
242603,5,Level Five
235163,0,Other
235619,0,Other
207366,4,Level Four
230447,4,Level Four
241097,5,Level Five
228207,5,Level Five
236220,5,Level Five
173613,2,Level Two
214066,2,Level Two
231077,3,Level Three
243391,2,Level Two
205838,3,Level Three
213115,2,Level Two
234521,3,Level Three
234528,3,Level Three
243873,1,Level One
235238,3,Level Three
234116,2,Level Two
230543,3,Level Three
235432,5,Level Five
182354,5,Level Five
234863,3,Level Three
196758,5,Level Five
214351,5,Level Five
235438,5,Level Five
236574,5,Level Five
241813,4,Level Four
213877,5,Level Five
233891,5,Level Five
236027,1,Level One
190466,4,Level Four
241101,5,Level Five
238969,5,Level Five
240614,5,Level Five
240522,4,Level Four
239686,5,Level Five
192172,4,Level Four
230790,4,Level Four
233522,4,Level Four
200115,1,Level One
207311,2,Level Two
234722,2,Level Two
235453,3,Level Three
192123,2,Level Two
220438,2,Level Two
235221,3,Level Three
235668,2,Level Two
176786,1,Level One
233526,3,Level Three
235755,3,Level Three
236195,3,Level Three
233653,1,Level One
232881,8,Level Eight
232889,8,Level Eight
235965,5,Level Five
222265,5,Level Five
234060,5,Level Five
234204,5,Level Five
234058,4,Level Four
206459,5,Level Five
176382,5,Level Five
234498,3,Level Three
236849,5,Level Five
241103,5,Level Five
241107,5,Level Five
239729,4,Level Four
233654,5,Level Five
231530,5,Level Five
176551,5,Level Five
213104,5,Level Five
233987,4,Level Four
183920,2,Level Two
233787,3,Level Three
234394,2,Level Two
234670,2,Level Two
181369,2,Level Two
233734,1,Level One
234301,2,Level Two
236369,3,Level Three
236412,3,Level Three
236670,2,Level Two
233644,1,Level One
243875,2,Level Two
240760,5,Level Five
236846,5,Level Five
222426,5,Level Five
233915,5,Level Five
234607,4,Level Four
236278,5,Level Five
221036,1,Level One
227030,3,Level Three
235299,5,Level Five
175673,5,Level Five
190234,4,Level Four
239645,4,Level Four
241656,5,Level Five
243257,1,Level One
198066,4,Level Four
198067,4,Level Four
235023,3,Level Three
229279,2,Level Two
233808,1,Level One
236856,1,Level One
239736,2,Level Two
243394,3,Level Three
197534,2,Level Two
213344,3,Level Three
233507,3,Level Three
234545,3,Level Three
238602,1,Level One
231184,8,Level Eight
232283,8,Level Eight
242271,8,Level Eight
184166,5,Level Five
235038,5,Level Five
243528,5,Level Five
233716,5,Level Five
235898,3,Level Three
236263,0,Other
214349,5,Level Five
233548,5,Level Five
236576,5,Level Five
237181,5,Level Five
178951,4,Level Four
199971,0,Other
241433,5,Level Five
239532,5,Level Five
240981,5,Level Five
239138,2,Level Two
240432,3,Level Three
240662,5,Level Five
242600,5,Level Five
173864,1,Level One
228741,4,Level Four
197373,2,Level Two
234130,3,Level Three
240184,2,Level Two
236409,3,Level Three
190964,3,Level Three
242439,1,Level One
231597,8,Level Eight
231683,8,Level Eight
231721,8,Level Eight
231052,5,Level Five
204749,5,Level Five
233748,4,Level Four
234145,5,Level Five
236346,5,Level Five
176380,5,Level Five
227718,3,Level Three
239922,4,Level Four
240518,4,Level Four
239419,5,Level Five
241174,2,Level Two
191918,5,Level Five
235612,5,Level Five
175263,3,Level Three
234294,2,Level Two
235502,1,Level One
235610,3,Level Three
235671,1,Level One
239734,2,Level Two
174768,3,Level Three
176676,3,Level Three
176791,3,Level Three
197535,2,Level Two
229276,1,Level One
233541,3,Level Three
236336,1,Level One
182247,0,Other
233056,8,Level Eight
230336,3,Level Three
236169,5,Level Five
231061,5,Level Five
231102,5,Level Five
233888,5,Level Five
234796,5,Level Five
182121,5,Level Five
218252,5,Level Five
235141,5,Level Five
236912,3,Level Three
243856,4,Level Four
204275,5,Level Five
192146,5,Level Five
236350,3,Level Three
207059,5,Level Five
243516,5,Level Five
171298,5,Level Five
239435,5,Level Five
239132,2,Level Two
238654,5,Level Five
239520,5,Level Five
240369,5,Level Five
243159,1,Level One
233411,5,Level Five
235699,5,Level Five
230791,5,Level Five
230818,5,Level Five
233529,5,Level Five
233530,5,Level Five
222454,2,Level Two
234040,3,Level Three
236840,1,Level One
240240,2,Level Two
243832,3,Level Three
220621,2,Level Two
230946,3,Level Three
234635,3,Level Three
241904,3,Level Three
234501,3,Level Three
221903,0,Other
233441,1,Level One
221097,2,Level Two
235716,3,Level Three
236458,5,Level Five
234359,4,Level Four
233481,4,Level Four
220189,5,Level Five
234619,5,Level Five
233547,5,Level Five
184105,4,Level Four
234694,5,Level Five
214651,5,Level Five
238886,5,Level Five
242785,1,Level One
243259,1,Level One
235750,5,Level Five
231019,4,Level Four
243453,4,Level Four
243454,4,Level Four
220803,0,Other
220804,0,Other
190424,2,Level Two
176452,1,Level One
221037,2,Level Two
233683,2,Level Two
238624,3,Level Three
240273,3,Level Three
243333,3,Level Three
234878,3,Level Three
207182,2,Level Two
181528,3,Level Three
183734,3,Level Three
234505,3,Level Three
196907,0,Other
237167,1,Level One
232415,5,Level Five
231463,5,Level Five
231332,8,Level Eight
232026,8,Level Eight
232617,8,Level Eight
239745,8,Level Eight
243291,8,Level Eight
233083,8,Level Eight
243741,5,Level Five
183172,5,Level Five
189596,5,Level Five
205568,5,Level Five
214169,5,Level Five
237127,5,Level Five
234276,4,Level Four
235652,4,Level Four
235661,5,Level Five
234481,4,Level Four
241400,0,Other
235165,1,Level One
241234,5,Level Five
230446,5,Level Five
243967,5,Level Five
239162,5,Level Five
239307,5,Level Five
242148,5,Level Five
242558,4,Level Four
242940,4,Level Four
242967,4,Level Four
243199,4,Level Four
243200,4,Level Four
243201,4,Level Four
243202,4,Level Four
243739,4,Level Four
243744,3,Level Three
236079,4,Level Four
190233,4,Level Four
214140,4,Level Four
175293,2,Level Two
220784,0,Other
230739,4,Level Four
233907,3,Level Three
233908,3,Level Three
234354,3,Level Three
202521,1,Level One
236086,3,Level Three
176641,3,Level Three
212264,1,Level One
219846,3,Level Three
240512,3,Level Three
243946,2,Level Two
242637,3,Level Three
231631,5,Level Five
231967,8,Level Eight
232366,8,Level Eight
243013,8,Level Eight
243728,5,Level Five
197107,0,Other
236862,5,Level Five
233510,4,Level Four
234280,4,Level Four
234553,3,Level Three
220777,4,Level Four
205614,5,Level Five
204288,5,Level Five
234810,4,Level Four
220707,5,Level Five
237120,5,Level Five
234135,1,Level One
234208,1,Level One
241590,5,Level Five
243969,5,Level Five
239930,5,Level Five
240530,5,Level Five
242383,5,Level Five
242232,5,Level Five
242544,3,Level Three
242926,3,Level Three
242963,3,Level Three
243737,3,Level Three
243747,3,Level Three
213105,5,Level Five
199332,5,Level Five
235110,4,Level Four
197368,4,Level Four
214138,4,Level Four
229799,4,Level Four
233752,4,Level Four
234695,3,Level Three
236343,3,Level Three
204717,2,Level Two
221308,0,Other
234398,3,Level Three
235737,2,Level Two
242418,1,Level One
243329,2,Level Two
184314,3,Level Three
234084,1,Level One
242633,3,Level Three
242636,3,Level Three
243689,1,Level One
239358,5,Level Five
232128,5,Level Five
233213,5,Level Five
232959,8,Level Eight
221594,5,Level Five
222074,5,Level Five
233498,5,Level Five
211808,4,Level Four
236279,5,Level Five
243372,5,Level Five
191626,4,Level Four
212540,5,Level Five
243483,5,Level Five
186821,5,Level Five
174657,5,Level Five
236304,5,Level Five
237030,1,Level One
240925,5,Level Five
241658,5,Level Five
239124,1,Level One
239530,5,Level Five
240364,5,Level Five
240120,2,Level Two
242572,5,Level Five
242573,5,Level Five
242574,5,Level Five
242925,3,Level Three
242948,5,Level Five
242977,5,Level Five
242978,5,Level Five
242979,5,Level Five
242980,5,Level Five
243746,3,Level Three
236860,1,Level One
177004,5,Level Five
235989,4,Level Four
199976,0,Other
229092,2,Level Two
233851,2,Level Two
234043,3,Level Three
235702,2,Level Two
235919,1,Level One
236395,2,Level Two
236907,1,Level One
237012,2,Level Two
243392,3,Level Three
206885,3,Level Three
234470,2,Level Two
234869,3,Level Three
238792,3,Level Three
243418,3,Level Three
231819,5,Level Five
197478,3,Level Three
243729,5,Level Five
230307,5,Level Five
234187,5,Level Five
234188,5,Level Five
234697,5,Level Five
234740,4,Level Four
235871,4,Level Four
221472,5,Level Five
234139,5,Level Five
184418,6,Level Six
189903,3,Level Three
239522,5,Level Five
239662,4,Level Four
240963,5,Level Five
239144,3,Level Three
241232,1,Level One
242119,4,Level Four
174069,5,Level Five
190929,5,Level Five
234714,4,Level Four
236082,4,Level Four
237010,4,Level Four
199686,0,Other
213921,0,Other
220769,0,Other
183881,5,Level Five
182429,4,Level Four
234444,4,Level Four
234806,3,Level Three
212897,2,Level Two
191379,1,Level One
234874,3,Level Three
243461,3,Level Three
173949,0,Other
231334,8,Level Eight
232007,8,Level Eight
239345,8,Level Eight
241698,8,Level Eight
243727,5,Level Five
198786,5,Level Five
212539,5,Level Five
235361,5,Level Five
222244,5,Level Five
236987,5,Level Five
234748,5,Level Five
236717,5,Level Five
243922,5,Level Five
243342,0,Other
243446,5,Level Five
239434,5,Level Five
219306,5,Level Five
233467,4,Level Four
176772,5,Level Five
206832,5,Level Five
220451,5,Level Five
233402,5,Level Five
233403,5,Level Five
243464,5,Level Five
243496,5,Level Five
243724,5,Level Five
205527,5,Level Five
221047,5,Level Five
236299,5,Level Five
235148,5,Level Five
241246,5,Level Five
233754,5,Level Five
238801,5,Level Five
239891,1,Level One
239556,4,Level Four
238697,5,Level Five
239528,5,Level Five
242423,5,Level Five
233735,5,Level Five
236283,5,Level Five
243347,5,Level Five
228833,5,Level Five
242496,3,Level Three
243488,3,Level Three
243834,2,Level Two
190133,3,Level Three
234933,3,Level Three
235320,3,Level Three
236113,1,Level One
238911,3,Level Three
239737,2,Level Two
176218,3,Level Three
221179,3,Level Three
234571,3,Level Three
234631,2,Level Two
238855,3,Level Three
229807,3,Level Three
183088,3,Level Three
179040,3,Level Three
230557,2,Level Two
176038,0,Other
232221,8,Level Eight
234463,1,Level One
236234,5,Level Five
176416,5,Level Five
222351,5,Level Five
234272,4,Level Four
236923,5,Level Five
236924,5,Level Five
236926,5,Level Five
175958,4,Level Four
235175,5,Level Five
221837,4,Level Four
235873,4,Level Four
198325,6,Level Six
171327,1,Level One
234134,1,Level One
235760,1,Level One
235761,1,Level One
240110,5,Level Five
240823,5,Level Five
239032,4,Level Four
240967,5,Level Five
240754,5,Level Five
239412,5,Level Five
233736,5,Level Five
233717,5,Level Five
233728,5,Level Five
239940,4,Level Four
236165,5,Level Five
239651,4,Level Four
233939,4,Level Four
239739,4,Level Four
236505,3,Level Three
221511,4,Level Four
222462,4,Level Four
234185,3,Level Three
234482,4,Level Four
234733,3,Level Three
242241,3,Level Three
243317,3,Level Three
243408,4,Level Four
175610,2,Level Two
181873,1,Level One
182869,1,Level One
187979,3,Level Three
204253,3,Level Three
206653,3,Level Three
221361,3,Level Three
230430,3,Level Three
234406,3,Level Three
234764,2,Level Two
235098,3,Level Three
236130,3,Level Three
236184,2,Level Two
237011,2,Level Two
184115,3,Level Three
241065,3,Level Three
182251,0,Other
230542,3,Level Three
243400,1,Level One
242611,5,Level Five
233122,8,Level Eight
233214,8,Level Eight
240471,8,Level Eight
241848,8,Level Eight
182478,5,Level Five
183169,5,Level Five
199783,4,Level Four
237031,5,Level Five
234788,5,Level Five
183517,5,Level Five
200164,5,Level Five
236331,5,Level Five
174850,5,Level Five
174255,5,Level Five
242419,5,Level Five
243388,5,Level Five
174626,5,Level Five
194800,5,Level Five
176606,5,Level Five
181895,5,Level Five
183739,5,Level Five
233401,5,Level Five
237034,5,Level Five
227410,5,Level Five
234791,5,Level Five
174658,5,Level Five
234136,1,Level One
241240,5,Level Five
240657,5,Level Five
241809,5,Level Five
239399,5,Level Five
240787,5,Level Five
240217,2,Level Two
240422,2,Level Two
235255,3,Level Three
238650,5,Level Five
243811,4,Level Four
196876,5,Level Five
235776,4,Level Four
241731,5,Level Five
236965,5,Level Five
237186,5,Level Five
213950,0,Other
234471,3,Level Three
234602,3,Level Three
235759,3,Level Three
197880,2,Level Two
205030,3,Level Three
213953,0,Other
214626,3,Level Three
228074,3,Level Three
234986,3,Level Three
239015,2,Level Two
234568,3,Level Three
234640,3,Level Three
238946,2,Level Two
238995,3,Level Three
239650,3,Level Three
242745,2,Level Two
175789,3,Level Three
235314,3,Level Three
199796,0,Other
173379,0,Other
191159,5,Level Five
243730,5,Level Five
214818,5,Level Five
235953,5,Level Five
235960,5,Level Five
233536,5,Level Five
174267,5,Level Five
195729,5,Level Five
222298,4,Level Four
234223,5,Level Five
205519,5,Level Five
214700,5,Level Five
184526,5,Level Five
222068,5,Level Five
196939,5,Level Five
199247,5,Level Five
199249,5,Level Five
213065,5,Level Five
233395,5,Level Five
176656,1,Level One
236937,5,Level Five
219422,5,Level Five
238976,5,Level Five
239174,5,Level Five
228944,5,Level Five
240965,5,Level Five
240779,4,Level Four
239910,3,Level Three
238663,5,Level Five
238685,5,Level Five
238703,5,Level Five
242144,5,Level Five
171399,4,Level Four
194830,1,Level One
243062,0,Other
198178,5,Level Five
227631,5,Level Five
243327,5,Level Five
221493,5,Level Five
192098,5,Level Five
231047,4,Level Four
239738,4,Level Four
240193,4,Level Four
171475,5,Level Five
196922,4,Level Four
211789,5,Level Five
182246,0,Other
207432,1,Level One
190247,3,Level Three
234258,4,Level Four
234734,3,Level Three
183733,3,Level Three
199685,0,Other
212445,2,Level Two
219219,1,Level One
233865,3,Level Three
234072,3,Level Three
235366,2,Level Two
243396,3,Level Three
191165,3,Level Three
230332,3,Level Three
235892,3,Level Three
239009,3,Level Three
231023,2,Level Two
235486,2,Level Two
231180,5,Level Five
231338,5,Level Five
231502,5,Level Five
231506,0,Other
231817,5,Level Five
232219,5,Level Five
232281,5,Level Five
232473,5,Level Five
232483,5,Level Five
232601,5,Level Five
231237,8,Level Eight
231360,8,Level Eight
231380,8,Level Eight
231449,8,Level Eight
231801,8,Level Eight
231915,8,Level Eight
231934,8,Level Eight
231999,8,Level Eight
232230,8,Level Eight
232401,0,Other
232420,8,Level Eight
232713,8,Level Eight
232837,5,Level Five
232927,8,Level Eight
232939,8,Level Eight
232950,8,Level Eight
232996,8,Level Eight
233028,8,Level Eight
233324,8,Level Eight
239614,8,Level Eight
239692,8,Level Eight
239698,8,Level Eight
240846,8,Level Eight
240880,8,Level Eight
241227,8,Level Eight
242390,8,Level Eight
242399,8,Level Eight
242884,8,Level Eight
231641,0,Other
231921,0,Other
231924,0,Other
236601,4,Level Four
222350,5,Level Five
182345,5,Level Five
199689,0,Other
241321,0,Other
241407,0,Other
243350,5,Level Five
192181,5,Level Five
226950,0,Other
234438,0,Other
190472,5,Level Five
221286,5,Level Five
238885,5,Level Five
234842,6,Level Six
237064,6,Level Six
237077,6,Level Six
237078,6,Level Six
191913,4,Level Four
196873,4,Level Four
198381,4,Level Four
198382,4,Level Four
182677,1,Level One
243988,5,Level Five
222214,5,Level Five
228484,5,Level Five
174259,5,Level Five
239171,5,Level Five
238867,4,Level Four
239806,5,Level Five
219750,5,Level Five
182034,4,Level Four
235590,4,Level Four
236804,4,Level Four
236975,4,Level Four
205841,4,Level Four
236957,5,Level Five
234059,4,Level Four
234474,3,Level Three
234572,2,Level Two
236673,3,Level Three
198265,2,Level Two
204806,3,Level Three
233538,1,Level One
233996,3,Level Three
234075,3,Level Three
236107,3,Level Three
236111,3,Level Three
236605,2,Level Two
184756,2,Level Two
242086,3,Level Three
242468,3,Level Three
243326,3,Level Three
239359,5,Level Five
232331,5,Level Five
231881,8,Level Eight
236658,0,Other
235353,5,Level Five
235992,5,Level Five
221597,5,Level Five
222075,5,Level Five
235592,5,Level Five
221590,5,Level Five
182399,5,Level Five
214034,5,Level Five
236948,5,Level Five
235127,4,Level Four
235911,5,Level Five
181346,5,Level Five
183836,5,Level Five
198167,4,Level Four
203441,5,Level Five
221791,5,Level Five
238877,5,Level Five
182431,4,Level Four
190968,4,Level Four
214745,5,Level Five
214746,5,Level Five
174627,5,Level Five
192337,5,Level Five
231816,4,Level Four
199328,5,Level Five
214548,5,Level Five
220809,5,Level Five
243448,5,Level Five
240824,5,Level Five
239805,5,Level Five
241943,4,Level Four
242043,5,Level Five
241919,5,Level Five
242125,5,Level Five
242179,5,Level Five
242227,5,Level Five
242767,5,Level Five
242768,5,Level Five
233727,5,Level Five
190252,5,Level Five
234513,4,Level Four
236164,5,Level Five
237001,5,Level Five
231141,4,Level Four
231142,4,Level Four
234055,4,Level Four
236652,4,Level Four
240295,4,Level Four
243594,4,Level Four
243604,4,Level Four
233463,5,Level Five
213920,0,Other
213954,0,Other
231143,4,Level Four
231156,4,Level Four
174373,2,Level Two
175119,3,Level Three
199684,0,Other
222283,1,Level One
230466,3,Level Three
234579,3,Level Three
234767,2,Level Two
235186,3,Level Three
236403,2,Level Two
236585,2,Level Two
236955,2,Level Two
243530,2,Level Two
213922,0,Other
230328,2,Level Two
234076,2,Level Two
176658,2,Level Two
190238,2,Level Two
210782,2,Level Two
230422,1,Level One
235231,3,Level Three
235833,2,Level Two
239002,2,Level Two
243646,1,Level One
235899,2,Level Two
232316,5,Level Five
232709,5,Level Five
231552,0,Other
232349,8,Level Eight
232418,8,Level Eight
232456,8,Level Eight
239563,8,Level Eight
235497,3,Level Three
219877,4,Level Four
243732,5,Level Five
180177,1,Level One
236361,1,Level One
231639,0,Other
176624,4,Level Four
176804,5,Level Five
176806,5,Level Five
191109,5,Level Five
218210,5,Level Five
219939,5,Level Five
228958,5,Level Five
233730,5,Level Five
222379,5,Level Five
236787,5,Level Five
206713,5,Level Five
239429,5,Level Five
236745,5,Level Five
190971,4,Level Four
234143,5,Level Five
181564,5,Level Five
197124,5,Level Five
207334,5,Level Five
220141,5,Level Five
196864,6,Level Six
235462,6,Level Six
237042,6,Level Six
237053,6,Level Six
243754,6,Level Six
206490,5,Level Five
240112,5,Level Five
238604,3,Level Three
239396,5,Level Five
239426,5,Level Five
238655,5,Level Five
239320,5,Level Five
242170,4,Level Four
242351,5,Level Five
241927,5,Level Five
242220,4,Level Four
242995,6,Level Six
212477,5,Level Five
206411,5,Level Five
219951,4,Level Four
200071,5,Level Five
206409,1,Level One
219751,5,Level Five
229309,5,Level Five
231097,1,Level One
190250,5,Level Five
206179,5,Level Five
204721,3,Level Three
243063,4,Level Four
242794,5,Level Five
236863,5,Level Five
181886,4,Level Four
235812,4,Level Four
236657,4,Level Four
236879,4,Level Four
236977,4,Level Four
230864,5,Level Five
233464,5,Level Five
233465,5,Level Five
200059,4,Level Four
234472,3,Level Three
220267,1,Level One
234968,3,Level Three
236105,3,Level Three
236619,2,Level Two
236634,2,Level Two
236901,3,Level Three
220581,2,Level Two
243690,2,Level Two
241026,5,Level Five
241029,5,Level Five
241622,5,Level Five
230953,1,Level One
230954,1,Level One
228239,5,Level Five
231288,8,Level Eight
231576,8,Level Eight
239749,8,Level Eight
181928,4,Level Four
199283,4,Level Four
228195,5,Level Five
235726,1,Level One
199386,5,Level Five
206819,5,Level Five
228159,4,Level Four
236581,5,Level Five
243731,5,Level Five
183202,5,Level Five
184376,5,Level Five
198119,5,Level Five
206460,5,Level Five
228960,5,Level Five
233742,5,Level Five
198114,5,Level Five
206897,5,Level Five
235498,5,Level Five
235972,5,Level Five
236785,5,Level Five
233905,5,Level Five
243887,5,Level Five
181347,5,Level Five
226895,5,Level Five
226896,5,Level Five
194801,5,Level Five
234148,5,Level Five
239431,5,Level Five
190232,5,Level Five
234194,4,Level Four
205524,5,Level Five
239403,5,Level Five
240783,5,Level Five
230592,3,Level Three
242421,5,Level Five
238671,5,Level Five
239296,5,Level Five
241929,5,Level Five
242036,5,Level Five
241917,5,Level Five
242030,5,Level Five
243883,4,Level Four
242709,5,Level Five
242952,5,Level Five
175319,5,Level Five
228274,5,Level Five
232226,5,Level Five
190251,5,Level Five
175318,5,Level Five
230274,5,Level Five
225785,5,Level Five
225847,5,Level Five
235781,4,Level Four
236676,5,Level Five
189535,4,Level Four
236983,4,Level Four
238626,4,Level Four
230444,4,Level Four
230477,4,Level Four
182243,0,Other
199699,4,Level Four
199788,0,Other
220770,0,Other
221329,4,Level Four
221405,4,Level Four
229012,4,Level Four
243457,4,Level Four
236504,4,Level Four
190136,2,Level Two
190748,3,Level Three
197800,3,Level Three
199683,0,Other
220873,3,Level Three
233527,1,Level One
234983,2,Level Two
235363,1,Level One
235364,1,Level One
235367,2,Level Two
235935,3,Level Three
235937,3,Level Three
236028,1,Level One
236489,3,Level Three
236793,2,Level Two
236843,3,Level Three
240137,3,Level Three
243973,1,Level One
206451,3,Level Three
234337,3,Level Three
236506,3,Level Three
243878,3,Level Three
206672,1,Level One
220790,0,Other
234976,2,Level Two
239066,3,Level Three
239071,3,Level Three
221509,3,Level Three
199966,0,Other
241024,5,Level Five
230524,0,Other
240481,4,Level Four
231326,5,Level Five
231592,5,Level Five
231667,5,Level Five
232084,5,Level Five
232553,5,Level Five
232555,5,Level Five
232604,5,Level Five
232759,5,Level Five
233052,5,Level Five
240466,5,Level Five
240595,5,Level Five
240998,5,Level Five
242482,5,Level Five
231220,5,Level Five
231297,8,Level Eight
231342,8,Level Eight
231452,8,Level Eight
231510,0,Other
231524,8,Level Eight
231554,0,Other
231671,8,Level Eight
231728,8,Level Eight
231982,0,Other
232009,8,Level Eight
232261,0,Other
232631,0,Other
232905,8,Level Eight
233165,8,Level Eight
233192,8,Level Eight
233278,0,Other
233358,8,Level Eight
239389,0,Other
239393,0,Other
241142,8,Level Eight
241313,8,Level Eight
242721,5,Level Five
243780,8,Level Eight
233153,5,Level Five
199695,0,Other
221136,5,Level Five
230342,4,Level Four
243734,5,Level Five
191113,5,Level Five
231922,0,Other
242858,0,Other
232337,0,Other
207191,5,Level Five
243698,0,Other
221109,4,Level Four
228157,4,Level Four
233724,5,Level Five
174186,5,Level Five
236179,5,Level Five
236182,5,Level Five
237126,5,Level Five
241686,5,Level Five
230521,5,Level Five
181555,5,Level Five
197162,5,Level Five
220133,5,Level Five
220137,5,Level Five
242753,5,Level Five
242781,5,Level Five
181319,6,Level Six
189800,6,Level Six
191883,6,Level Six
213260,6,Level Six
237038,6,Level Six
237043,6,Level Six
237050,6,Level Six
237051,6,Level Six
237052,6,Level Six
237063,6,Level Six
237067,6,Level Six
237072,6,Level Six
237073,6,Level Six
175766,4,Level Four
204938,4,Level Four
234973,1,Level One
234200,1,Level One
235201,5,Level Five
236943,5,Level Five
174262,5,Level Five
238785,5,Level Five
239476,5,Level Five
241812,5,Level Five
220785,0,Other
239938,5,Level Five
238895,5,Level Five
239317,5,Level Five
240878,5,Level Five
242147,5,Level Five
243948,4,Level Four
242089,4,Level Four
242712,5,Level Five
233729,5,Level Five
241020,5,Level Five
230443,5,Level Five
237029,5,Level Five
200070,5,Level Five
190883,5,Level Five
242690,5,Level Five
204961,5,Level Five
213034,5,Level Five
234674,4,Level Four
239776,4,Level Four
240192,4,Level Four
240290,4,Level Four
240843,4,Level Four
206455,4,Level Four
230776,4,Level Four
230830,4,Level Four
242176,4,Level Four
242216,4,Level Four
243360,4,Level Four
243459,4,Level Four
176793,4,Level Four
181927,4,Level Four
183260,4,Level Four
189387,4,Level Four
199687,0,Other
199806,4,Level Four
199968,0,Other
220458,4,Level Four
221268,4,Level Four
236353,4,Level Four
243450,4,Level Four
190746,3,Level Three
207318,2,Level Two
214070,2,Level Two
214784,2,Level Two
234802,1,Level One
234880,2,Level Two
235706,2,Level Two
236101,2,Level Two
236488,3,Level Three
236493,3,Level Three
236981,3,Level Three
237021,3,Level Three
238910,3,Level Three
243686,3,Level Three
243719,1,Level One
243976,3,Level Three
220787,0,Other
240509,3,Level Three
213933,0,Other
219220,2,Level Two
234756,1,Level One
235925,1,Level One
236124,2,Level Two
239992,3,Level Three
234803,3,Level Three
235092,2,Level Two
210780,1,Level One
176075,1,Level One
239256,4,Level Four
231741,8,Level Eight
231829,8,Level Eight
232521,8,Level Eight
235747,5,Level Five
199029,1,Level One
207313,1,Level One
173465,3,Level Three
182764,1,Level One
236655,1,Level One
232341,0,Other
242860,0,Other
174056,5,Level Five
228154,4,Level Four
231161,5,Level Five
243742,5,Level Five
176415,5,Level Five
235856,5,Level Five
235860,5,Level Five
243386,5,Level Five
236241,5,Level Five
207469,5,Level Five
235501,5,Level Five
234153,5,Level Five
227156,5,Level Five
235171,5,Level Five
175096,5,Level Five
228518,5,Level Five
241952,5,Level Five
233825,6,Level Six
234260,6,Level Six
237036,6,Level Six
237037,6,Level Six
237060,6,Level Six
175764,4,Level Four
204507,4,Level Four
229791,4,Level Four
236851,4,Level Four
242454,4,Level Four
226858,3,Level Three
236949,5,Level Five
190882,5,Level Five
220786,0,Other
239968,5,Level Five
240351,5,Level Five
240672,5,Level Five
241924,5,Level Five
242129,5,Level Five
242132,5,Level Five
242134,5,Level Five
242140,5,Level Five
242044,5,Level Five
243767,4,Level Four
243852,4,Level Four
243952,5,Level Five
242717,5,Level Five
242576,5,Level Five
242580,5,Level Five
242954,5,Level Five
243004,6,Level Six
202493,1,Level One
242048,5,Level Five
184748,2,Level Two
241021,5,Level Five
241621,5,Level Five
242665,5,Level Five
173828,4,Level Four
220766,4,Level Four
234234,4,Level Four
234237,4,Level Four
236401,4,Level Four
240280,4,Level Four
240841,4,Level Four
230773,4,Level Four
230884,4,Level Four
241942,4,Level Four
243315,4,Level Four
243362,4,Level Four
182248,0,Other
182264,0,Other
205476,4,Level Four
213924,0,Other
213932,0,Other
220783,0,Other
231144,4,Level Four
234964,2,Level Two
236097,2,Level Two
236961,1,Level One
237013,4,Level Four
243963,4,Level Four
225993,1,Level One
234230,4,Level Four
235775,4,Level Four
243358,4,Level Four
243364,4,Level Four
182871,3,Level Three
183446,2,Level Two
190135,2,Level Two
210781,1,Level One
214072,3,Level Three
219221,3,Level Three
221477,2,Level Two
228375,2,Level Two
228378,3,Level Three
233531,3,Level Three
234978,3,Level Three
235927,2,Level Two
236841,2,Level Two
242471,2,Level Two
242472,3,Level Three
207316,2,Level Two
210783,3,Level Three
235885,3,Level Three
236120,2,Level Two
243970,3,Level Three
175124,2,Level Two
184125,2,Level Two
215000,2,Level Two
228374,2,Level Two
236118,1,Level One
235476,2,Level Two
199898,5,Level Five
174105,4,Level Four
214285,4,Level Four
230381,4,Level Four
230382,4,Level Four
242050,5,Level Five
231648,5,Level Five
231689,5,Level Five
231839,5,Level Five
232003,8,Level Eight
232471,5,Level Five
233319,5,Level Five
233378,5,Level Five
239655,5,Level Five
243897,5,Level Five
231223,8,Level Eight
231398,8,Level Eight
232090,8,Level Eight
232716,8,Level Eight
232894,0,Other
232998,8,Level Eight
239585,0,Other
241620,8,Level Eight
233063,8,Level Eight
191919,5,Level Five
196878,5,Level Five
198933,5,Level Five
227747,5,Level Five
232835,0,Other
243693,0,Other
243701,0,Other
198639,5,Level Five
205567,5,Level Five
243733,5,Level Five
192488,5,Level Five
222241,5,Level Five
234088,5,Level Five
234089,5,Level Five
234095,5,Level Five
222722,5,Level Five
198122,5,Level Five
176250,5,Level Five
199398,5,Level Five
235855,5,Level Five
237125,5,Level Five
237128,5,Level Five
222382,5,Level Five
235206,6,Level Six
236939,5,Level Five
236507,4,Level Four
234958,5,Level Five
233487,5,Level Five
238720,0,Other
227644,5,Level Five
230794,5,Level Five
230819,5,Level Five
230879,5,Level Five
184023,5,Level Five
232228,5,Level Five
199996,5,Level Five
228524,5,Level Five
233468,5,Level Five
233470,5,Level Five
233471,5,Level Five
233473,5,Level Five
192576,5,Level Five
214736,5,Level Five
204508,5,Level Five
219330,6,Level Six
233815,6,Level Six
233819,6,Level Six
234331,6,Level Six
235549,6,Level Six
235551,6,Level Six
235553,6,Level Six
237035,6,Level Six
237040,6,Level Six
237044,6,Level Six
237054,6,Level Six
237065,6,Level Six
237070,6,Level Six
237079,6,Level Six
237086,6,Level Six
237089,6,Level Six
176402,1,Level One
176454,1,Level One
197797,2,Level Two
243517,3,Level Three
238974,5,Level Five
239525,5,Level Five
239934,5,Level Five
240791,5,Level Five
240746,5,Level Five
240165,5,Level Five
190307,5,Level Five
243860,5,Level Five
242587,6,Level Six
242899,6,Level Six
242984,5,Level Five
243005,6,Level Six
243215,6,Level Six
242659,5,Level Five
242663,5,Level Five
242695,5,Level Five
242790,5,Level Five
242916,6,Level Six
197337,5,Level Five
242160,4,Level Four
230461,4,Level Four
228607,2,Level Two
230540,4,Level Four
236908,4,Level Four
222510,5,Level Five
228832,5,Level Five
173951,4,Level Four
199525,4,Level Four
231009,4,Level Four
236988,4,Level Four
175960,5,Level Five
183334,5,Level Five
183782,4,Level Four
199160,4,Level Four
207194,5,Level Five
221914,5,Level Five
230115,4,Level Four
190141,1,Level One
213399,0,Other
220788,0,Other
228376,2,Level Two
229089,1,Level One
235473,1,Level One
235481,1,Level One
243740,5,Level Five
197799,3,Level Three
233853,2,Level Two
235273,2,Level Two
235483,1,Level One
236984,3,Level Three
181782,3,Level Three
206675,2,Level Two
220871,2,Level Two
182706,3,Level Three
183478,3,Level Three
199051,2,Level Two
212855,2,Level Two
234760,1,Level One
235479,1,Level One
236059,3,Level Three
236126,3,Level Three
236956,2,Level Two
242494,1,Level One
243710,3,Level Three
207314,1,Level One
227996,1,Level One
234981,1,Level One
183124,1,Level One
190975,3,Level Three
200152,3,Level Three
207402,1,Level One
230083,5,Level Five
236225,5,Level Five
242159,4,Level Four
242643,4,Level Four
231313,0,Other
231429,8,Level Eight
232938,8,Level Eight
241649,4,Level Four
243769,5,Level Five
243735,5,Level Five
227225,1,Level One
235621,1,Level One
189141,1,Level One
234199,1,Level One
191115,5,Level Five
228267,5,Level Five
243706,5,Level Five
237097,5,Level Five
221990,4,Level Four
200043,5,Level Five
198598,6,Level Six
230454,6,Level Six
234384,6,Level Six
234688,6,Level Six
233479,5,Level Five
230563,5,Level Five
230564,5,Level Five
230793,5,Level Five
175058,5,Level Five
199379,5,Level Five
174221,5,Level Five
214735,5,Level Five
182586,5,Level Five
190562,6,Level Six
196863,6,Level Six
233817,6,Level Six
235546,6,Level Six
237039,6,Level Six
237041,6,Level Six
237055,6,Level Six
237057,6,Level Six
237058,6,Level Six
237068,6,Level Six
237069,6,Level Six
237080,6,Level Six
237087,6,Level Six
237088,6,Level Six
233658,4,Level Four
213927,0,Other
211882,5,Level Five
242422,5,Level Five
239173,5,Level Five
239405,5,Level Five
241086,5,Level Five
240463,5,Level Five
238977,5,Level Five
240669,5,Level Five
241803,5,Level Five
242237,5,Level Five
242371,5,Level Five
242310,5,Level Five
243776,5,Level Five
242908,6,Level Six
242791,5,Level Five
241930,4,Level Four
242162,5,Level Five
242164,5,Level Five
235292,5,Level Five
236994,5,Level Five
