BROAD Discipline (FOE) ,NARROW Discipline (FOE) ,DETAILED Discipline (FOE) ,Funding Cluster,2024 Maximum Student Contibution,2024 Commonwealth Contribution,"Special Course Type Code for the Course of Study
(E312 of 27)","Maximum student contribution indicator
(E392 =8)",2024 Grandfathered Maximum Student Contibution,2024 Grandfathered Maximum Student Contibution
09 - SOCIETY AND CULTURE,0907 - Behavioural Science,090701 - Psychology,Funding Cluster 1,"$16,323","$1,236",Not E312=27,Not E392=8,"$7,659","$7,659"
09 - SOCIETY AND CULTURE,0907 - Behavioural Science,090701 - Psychology,Funding Cluster 2,"$4,445","$14,915",27,Not E392=8,"$4,445","$4,445"
09 - SOCIETY AND CULTURE,0907 - Behavioural Science,090701 - Psychology,Funding Cluster 2,"$8,948","$14,915",Not E312=27,8,"$7,659","$7,659"
09 - SOCIETY AND CULTURE,0907 - Behavioural Science,090700 - Behavioural Science,Funding Cluster 1,"$16,323","$1,236",Any E312 value,Not E392=8,"$7,659","$7,659"
09 - SOCIETY AND CULTURE,0907 - Behavioural Science,090700 - Behavioural Science,Funding Cluster 2,"$8,948","$14,915",Any E312 value,8,"$7,659","$7,659"
09 - SOCIETY AND CULTURE,0907 - Behavioural Science,"090799 - Behavioural Science, n.e.c.",Funding Cluster 1,"$16,323","$1,236",Any E312 value,Not E392=8,"$7,659","$7,659"
09 - SOCIETY AND CULTURE,0907 - Behavioural Science,"090799 - Behavioural Science, n.e.c.",Funding Cluster 2,"$8,948","$14,915",Any E312 value,8,"$7,659","$7,659"
09 - SOCIETY AND CULTURE,0905 - Human Welfare Studies and Services,090500 - Human Welfare Studies and Services,Funding Cluster 1,"$16,323","$1,236",Any E312 value,Not E392=8,"$7,659","$7,659"
09 - SOCIETY AND CULTURE,0905 - Human Welfare Studies and Services,090500 - Human Welfare Studies and Services,Funding Cluster 2,"$8,948","$14,915",Any E312 value,8,"$7,659","$7,659"
09 - SOCIETY AND CULTURE,0905 - Human Welfare Studies and Services,090501 - Social Work,Funding Cluster 1,"$16,323","$1,236",Any E312 value,Not E392=8,"$7,659","$7,659"
09 - SOCIETY AND CULTURE,0905 - Human Welfare Studies and Services,090501 - Social Work,Funding Cluster 2,"$8,948","$14,915",Any E312 value,8,"$7,659","$7,659"
09 - SOCIETY AND CULTURE,0905 - Human Welfare Studies and Services,090503 - Children's Services,Funding Cluster 1,"$16,323","$1,236",Any E312 value,Not E392=8,"$7,659","$7,659"
09 - SOCIETY AND CULTURE,0905 - Human Welfare Studies and Services,090503 - Children's Services,Funding Cluster 2,"$8,948","$14,915",Any E312 value,8,"$7,659","$7,659"
09 - SOCIETY AND CULTURE,0905 - Human Welfare Studies and Services,090505 - Youth Work,Funding Cluster 1,"$16,323","$1,236",Any E312 value,Not E392=8,"$7,659","$7,659"
09 - SOCIETY AND CULTURE,0905 - Human Welfare Studies and Services,090505 - Youth Work,Funding Cluster 2,"$8,948","$14,915",Any E312 value,8,"$7,659","$7,659"
09 - SOCIETY AND CULTURE,0905 - Human Welfare Studies and Services,090507 - Care for the Aged,Funding Cluster 1,"$16,323","$1,236",Any E312 value,Not E392=8,"$7,659","$7,659"
09 - SOCIETY AND CULTURE,0905 - Human Welfare Studies and Services,090507 - Care for the Aged,Funding Cluster 2,"$8,948","$14,915",Any E312 value,8,"$7,659","$7,659"
09 - SOCIETY AND CULTURE,0905 - Human Welfare Studies and Services,090509 - Care for the Disabled,Funding Cluster 1,"$16,323","$1,236",Any E312 value,Not E392=8,"$7,659","$7,659"
09 - SOCIETY AND CULTURE,0905 - Human Welfare Studies and Services,090509 - Care for the Disabled,Funding Cluster 2,"$8,948","$14,915",Any E312 value,8,"$7,659","$7,659"
09 - SOCIETY AND CULTURE,0905 - Human Welfare Studies and Services,090511 - Residential Client Care,Funding Cluster 1,"$16,323","$1,236",Any E312 value,Not E392=8,"$7,659","$7,659"
09 - SOCIETY AND CULTURE,0905 - Human Welfare Studies and Services,090511 - Residential Client Care,Funding Cluster 2,"$8,948","$14,915",Any E312 value,8,"$7,659","$7,659"
09 - SOCIETY AND CULTURE,0905 - Human Welfare Studies and Services,090513 - Counselling,Funding Cluster 1,"$16,323","$1,236",Any E312 value,Not E392=8,"$7,659","$7,659"
09 - SOCIETY AND CULTURE,0905 - Human Welfare Studies and Services,090513 - Counselling,Funding Cluster 2,"$8,948","$14,915",Any E312 value,8,"$7,659","$7,659"
09 - SOCIETY AND CULTURE,0905 - Human Welfare Studies and Services,090515 - Welfare Studies,Funding Cluster 1,"$16,323","$1,236",Any E312 value,Not E392=8,"$7,659","$7,659"
09 - SOCIETY AND CULTURE,0905 - Human Welfare Studies and Services,090515 - Welfare Studies,Funding Cluster 2,"$8,948","$14,915",Any E312 value,8,"$7,659","$7,659"
09 - SOCIETY AND CULTURE,0905 - Human Welfare Studies and Services,"090599 - Human Welfare Studies and Services, n.e.c.",Funding Cluster 1,"$16,323","$1,236",Any E312 value,Not E392=8,"$7,659","$7,659"
09 - SOCIETY AND CULTURE,0905 - Human Welfare Studies and Services,"090599 - Human Welfare Studies and Services, n.e.c.",Funding Cluster 2,"$8,948","$14,915",Any E312 value,8,"$7,659","$7,659"
06 - HEALTH,0699 - Other Health,069903 - Human Movement,Funding Cluster 1,"$16,323","$1,236",Any E312 value,Any E392 value,"$7,659","$7,659"
08 - MANAGEMENT AND COMMERCE,0801 - Accounting,080100 - Accounting,Funding Cluster 1,"$16,323","$1,236",Any E312 value,Any E392 value,"$12,781","$12,781"
08 - MANAGEMENT AND COMMERCE,0801 - Accounting,080101 - Accounting,Funding Cluster 1,"$16,323","$1,236",Any E312 value,Any E392 value,"$12,781","$12,781"
08 - MANAGEMENT AND COMMERCE,0803 - Business and Management,080300 - Business and Management,Funding Cluster 1,"$16,323","$1,236",Any E312 value,Any E392 value,"$12,781","$12,781"
08 - MANAGEMENT AND COMMERCE,0803 - Business and Management,080301 - Business Management,Funding Cluster 1,"$16,323","$1,236",Any E312 value,Any E392 value,"$12,781","$12,781"
08 - MANAGEMENT AND COMMERCE,0803 - Business and Management,080303 - Human Resource Management,Funding Cluster 1,"$16,323","$1,236",Any E312 value,Any E392 value,"$12,781","$12,781"
08 - MANAGEMENT AND COMMERCE,0803 - Business and Management,080305 - Personal Management Training,Funding Cluster 1,"$16,323","$1,236",Any E312 value,Any E392 value,"$12,781","$12,781"
08 - MANAGEMENT AND COMMERCE,0803 - Business and Management,080307 - Organisation Management,Funding Cluster 1,"$16,323","$1,236",Any E312 value,Any E392 value,"$12,781","$12,781"
08 - MANAGEMENT AND COMMERCE,0803 - Business and Management,080309 - Industrial Relations,Funding Cluster 1,"$16,323","$1,236",Any E312 value,Any E392 value,"$12,781","$12,781"
08 - MANAGEMENT AND COMMERCE,0803 - Business and Management,080311 - International Business,Funding Cluster 1,"$16,323","$1,236",Any E312 value,Any E392 value,"$12,781","$12,781"
08 - MANAGEMENT AND COMMERCE,0803 - Business and Management,080313 - Public and Health Care Administration,Funding Cluster 1,"$16,323","$1,236",Any E312 value,Any E392 value,"$12,781","$12,781"
08 - MANAGEMENT AND COMMERCE,0803 - Business and Management,080315 - Project Management,Funding Cluster 1,"$16,323","$1,236",Any E312 value,Any E392 value,"$12,781","$12,781"
08 - MANAGEMENT AND COMMERCE,0803 - Business and Management,080317 - Quality Management,Funding Cluster 1,"$16,323","$1,236",Any E312 value,Any E392 value,"$12,781","$12,781"
08 - MANAGEMENT AND COMMERCE,0803 - Business and Management,080319 - Hospitality Management,Funding Cluster 1,"$16,323","$1,236",Any E312 value,Any E392 value,"$12,781","$12,781"
08 - MANAGEMENT AND COMMERCE,0803 - Business and Management,080321 - Farm Management and Agribusiness,Funding Cluster 1,"$16,323","$1,236",Any E312 value,Any E392 value,"$12,781","$12,781"
08 - MANAGEMENT AND COMMERCE,0803 - Business and Management,080323 - Tourism Management,Funding Cluster 1,"$16,323","$1,236",Any E312 value,Any E392 value,"$12,781","$12,781"
08 - MANAGEMENT AND COMMERCE,0803 - Business and Management,"080399 - Business and Management, n.e.c.",Funding Cluster 1,"$16,323","$1,236",Any E312 value,Any E392 value,"$12,781","$12,781"
08 - MANAGEMENT AND COMMERCE,0805 - Sales and Marketing,080500 - Sales and Marketing,Funding Cluster 1,"$16,323","$1,236",Any E312 value,Any E392 value,"$12,781","$12,781"
08 - MANAGEMENT AND COMMERCE,0805 - Sales and Marketing,080501 - Sales,Funding Cluster 1,"$16,323","$1,236",Any E312 value,Any E392 value,"$12,781","$12,781"
08 - MANAGEMENT AND COMMERCE,0805 - Sales and Marketing,080503 - Real Estate,Funding Cluster 1,"$16,323","$1,236",Any E312 value,Any E392 value,"$12,781","$12,781"
08 - MANAGEMENT AND COMMERCE,0805 - Sales and Marketing,080505 - Marketing,Funding Cluster 1,"$16,323","$1,236",Any E312 value,Any E392 value,"$12,781","$12,781"
08 - MANAGEMENT AND COMMERCE,0805 - Sales and Marketing,080507 - Advertising,Funding Cluster 1,"$16,323","$1,236",Any E312 value,Any E392 value,"$12,781","$12,781"
08 - MANAGEMENT AND COMMERCE,0805 - Sales and Marketing,080509 - Public Relations,Funding Cluster 1,"$16,323","$1,236",Any E312 value,Any E392 value,"$12,781","$12,781"
08 - MANAGEMENT AND COMMERCE,0805 - Sales and Marketing,"080599 - Sales and Marketing, n.e.c.",Funding Cluster 1,"$16,323","$1,236",Any E312 value,Any E392 value,"$12,781","$12,781"
08 - MANAGEMENT AND COMMERCE,0807 - Tourism,080700 - Tourism,Funding Cluster 1,"$16,323","$1,236",Any E312 value,Any E392 value,"$12,781","$12,781"
08 - MANAGEMENT AND COMMERCE,0807 - Tourism,080701 - Tourism,Funding Cluster 1,"$16,323","$1,236",Any E312 value,Any E392 value,"$12,781","$12,781"
08 - MANAGEMENT AND COMMERCE,0809 - Office Studies,080900 - Office Studies,Funding Cluster 1,"$16,323","$1,236",Any E312 value,Any E392 value,"$12,781","$12,781"
08 - MANAGEMENT AND COMMERCE,0809 - Office Studies,080901 - Secretarial and Clerical Studies,Funding Cluster 1,"$16,323","$1,236",Any E312 value,Any E392 value,"$12,781","$12,781"
08 - MANAGEMENT AND COMMERCE,0809 - Office Studies,080903 - Keyboard Skills,Funding Cluster 1,"$16,323","$1,236",Any E312 value,Any E392 value,"$12,781","$12,781"
08 - MANAGEMENT AND COMMERCE,0809 - Office Studies,080905 - Practical Computing Skills,Funding Cluster 1,"$16,323","$1,236",Any E312 value,Any E392 value,"$12,781","$12,781"
08 - MANAGEMENT AND COMMERCE,0809 - Office Studies,"080999 - Office Studies, n.e.c.",Funding Cluster 1,"$16,323","$1,236",Any E312 value,Any E392 value,"$12,781","$12,781"
08 - MANAGEMENT AND COMMERCE,"0811 - Banking, Finance and Related Fields","081100 - Banking, Finance and Related Fields",Funding Cluster 1,"$16,323","$1,236",Any E312 value,Any E392 value,"$12,781","$12,781"
08 - MANAGEMENT AND COMMERCE,"0811 - Banking, Finance and Related Fields",081101 - Banking and Finance,Funding Cluster 1,"$16,323","$1,236",Any E312 value,Any E392 value,"$12,781","$12,781"
08 - MANAGEMENT AND COMMERCE,"0811 - Banking, Finance and Related Fields",081103 - Insurance and Actuarial Studies,Funding Cluster 1,"$16,323","$1,236",Any E312 value,Any E392 value,"$12,781","$12,781"
08 - MANAGEMENT AND COMMERCE,"0811 - Banking, Finance and Related Fields",081105 - Investment and Securities,Funding Cluster 1,"$16,323","$1,236",Any E312 value,Any E392 value,"$12,781","$12,781"
08 - MANAGEMENT AND COMMERCE,"0811 - Banking, Finance and Related Fields","081199 - Banking, Finance and Related Fields, n.e.c.",Funding Cluster 1,"$16,323","$1,236",Any E312 value,Any E392 value,"$12,781","$12,781"
08 - MANAGEMENT AND COMMERCE,0899 - Other Management and Commerce,089900 - Other Management and Commerce,Funding Cluster 1,"$16,323","$1,236",Any E312 value,Any E392 value,"$12,781","$12,781"
08 - MANAGEMENT AND COMMERCE,0899 - Other Management and Commerce,"089901 - Purchasing, Warehousing and Distribution",Funding Cluster 1,"$16,323","$1,236",Any E312 value,Any E392 value,"$12,781","$12,781"
08 - MANAGEMENT AND COMMERCE,0899 - Other Management and Commerce,089903 - Valuation,Funding Cluster 1,"$16,323","$1,236",Any E312 value,Any E392 value,"$12,781","$12,781"
08 - MANAGEMENT AND COMMERCE,0899 - Other Management and Commerce,"089999 - Management and Commerce, n.e.c.",Funding Cluster 1,"$16,323","$1,236",Any E312 value,Any E392 value,"$12,781","$12,781"
09 - SOCIETY AND CULTURE,0901 - Political Science and Policy Studies,090100 - Political Science and Policy Studies,Funding Cluster 1,"$16,323","$1,236",Any E312 value,Any E392 value,"$7,659","$7,659"
09 - SOCIETY AND CULTURE,0901 - Political Science and Policy Studies,090101 - Political Science,Funding Cluster 1,"$16,323","$1,236",Any E312 value,Any E392 value,"$7,659","$7,659"
09 - SOCIETY AND CULTURE,0901 - Political Science and Policy Studies,090103 - Policy Studies,Funding Cluster 1,"$16,323","$1,236",Any E312 value,Any E392 value,"$7,659","$7,659"
09 - SOCIETY AND CULTURE,0903 - Studies in Human Society,090300 - Studies in Human Society,Funding Cluster 1,"$16,323","$1,236",Any E312 value,Any E392 value,"$7,659","$7,659"
09 - SOCIETY AND CULTURE,0903 - Studies in Human Society,090301 - Sociology,Funding Cluster 1,"$16,323","$1,236",Any E312 value,Any E392 value,"$7,659","$7,659"
09 - SOCIETY AND CULTURE,0903 - Studies in Human Society,090303 - Anthropology,Funding Cluster 1,"$16,323","$1,236",Any E312 value,Any E392 value,"$7,659","$7,659"
09 - SOCIETY AND CULTURE,0903 - Studies in Human Society,090305 - History,Funding Cluster 1,"$16,323","$1,236",Any E312 value,Any E392 value,"$7,659","$7,659"
09 - SOCIETY AND CULTURE,0903 - Studies in Human Society,090307 - Archaeology,Funding Cluster 1,"$16,323","$1,236",Any E312 value,Any E392 value,"$7,659","$7,659"
09 - SOCIETY AND CULTURE,0903 - Studies in Human Society,090309 - Human Geography,Funding Cluster 1,"$16,323","$1,236",Any E312 value,Any E392 value,"$7,659","$7,659"
09 - SOCIETY AND CULTURE,0903 - Studies in Human Society,090311 - Indigenous Studies,Funding Cluster 1,"$16,323","$1,236",Any E312 value,Any E392 value,"$7,659","$7,659"
09 - SOCIETY AND CULTURE,0903 - Studies in Human Society,090313 - Gender Specific Studies,Funding Cluster 1,"$16,323","$1,236",Any E312 value,Any E392 value,"$7,659","$7,659"
09 - SOCIETY AND CULTURE,0903 - Studies in Human Society,"090399 - Studies in Human Society, n.e.c.",Funding Cluster 1,"$16,323","$1,236",Any E312 value,Any E392 value,"$7,659","$7,659"
09 - SOCIETY AND CULTURE,0909 - Law,090900 - Law,Funding Cluster 1,"$16,323","$1,236",Any E312 value,Any E392 value,"$12,781","$12,781"
09 - SOCIETY AND CULTURE,0909 - Law,090901 - Business and Commercial Law,Funding Cluster 1,"$16,323","$1,236",Any E312 value,Any E392 value,"$12,781","$12,781"
09 - SOCIETY AND CULTURE,0909 - Law,090903 - Constitutional Law,Funding Cluster 1,"$16,323","$1,236",Any E312 value,Any E392 value,"$12,781","$12,781"
09 - SOCIETY AND CULTURE,0909 - Law,090905 - Criminal Law,Funding Cluster 1,"$16,323","$1,236",Any E312 value,Any E392 value,"$12,781","$12,781"
09 - SOCIETY AND CULTURE,0909 - Law,090907 - Family Law,Funding Cluster 1,"$16,323","$1,236",Any E312 value,Any E392 value,"$12,781","$12,781"
09 - SOCIETY AND CULTURE,0909 - Law,090909 - International Law,Funding Cluster 1,"$16,323","$1,236",Any E312 value,Any E392 value,"$12,781","$12,781"
09 - SOCIETY AND CULTURE,0909 - Law,090911 - Taxation Law,Funding Cluster 1,"$16,323","$1,236",Any E312 value,Any E392 value,"$12,781","$12,781"
09 - SOCIETY AND CULTURE,0909 - Law,090913 - Legal Practice,Funding Cluster 1,"$16,323","$1,236",Any E312 value,Any E392 value,"$12,781","$12,781"
09 - SOCIETY AND CULTURE,0909 - Law,"090999 - Law, n.e.c.",Funding Cluster 1,"$16,323","$1,236",Any E312 value,Any E392 value,"$12,781","$12,781"
09 - SOCIETY AND CULTURE,0911 - Justice and Law Enforcement,091100 - Justice and Law Enforcement,Funding Cluster 1,"$16,323","$1,236",Any E312 value,Any E392 value,"$7,659","$7,659"
09 - SOCIETY AND CULTURE,0911 - Justice and Law Enforcement,091101 - Justice Administration,Funding Cluster 1,"$16,323","$1,236",Any E312 value,Any E392 value,"$7,659","$7,659"
09 - SOCIETY AND CULTURE,0911 - Justice and Law Enforcement,091103 - Legal Studies,Funding Cluster 1,"$16,323","$1,236",Any E312 value,Any E392 value,"$7,659","$7,659"
09 - SOCIETY AND CULTURE,0911 - Justice and Law Enforcement,091105 - Police Studies,Funding Cluster 1,"$16,323","$1,236",Any E312 value,Any E392 value,"$7,659","$7,659"
09 - SOCIETY AND CULTURE,0911 - Justice and Law Enforcement,"091199 - Justice and Law Enforcement, n.e.c.",Funding Cluster 1,"$16,323","$1,236",Any E312 value,Any E392 value,"$7,659","$7,659"
09 - SOCIETY AND CULTURE,"0913 - Librarianship, Information Management and Curatorial Studies","091300 - Librarianship, Information Management and Curatorial Studies",Funding Cluster 1,"$16,323","$1,236",Any E312 value,Any E392 value,"$7,659","$7,659"
09 - SOCIETY AND CULTURE,"0913 - Librarianship, Information Management and Curatorial Studies",091301 - Librarianship and Information Management,Funding Cluster 1,"$16,323","$1,236",Any E312 value,Any E392 value,"$7,659","$7,659"
09 - SOCIETY AND CULTURE,"0913 - Librarianship, Information Management and Curatorial Studies",091303 - Curatorial Studies,Funding Cluster 1,"$16,323","$1,236",Any E312 value,Any E392 value,"$7,659","$7,659"
09 - SOCIETY AND CULTURE,0917 - Philosophy and Religious Studies,091700 - Philosophy and Religious Studies,Funding Cluster 1,"$16,323","$1,236",Any E312 value,Any E392 value,"$7,659","$7,659"
09 - SOCIETY AND CULTURE,0917 - Philosophy and Religious Studies,091701 - Philosophy,Funding Cluster 1,"$16,323","$1,236",Any E312 value,Any E392 value,"$7,659","$7,659"
09 - SOCIETY AND CULTURE,0917 - Philosophy and Religious Studies,091703 - Religious Studies,Funding Cluster 1,"$16,323","$1,236",Any E312 value,Any E392 value,"$7,659","$7,659"
09 - SOCIETY AND CULTURE,0919 - Economics and Econometrics,091900 - Economics and Econometrics,Funding Cluster 1,"$16,323","$1,236",Any E312 value,Any E392 value,"$12,781","$12,781"
09 - SOCIETY AND CULTURE,0919 - Economics and Econometrics,091901 - Economics,Funding Cluster 1,"$16,323","$1,236",Any E312 value,Any E392 value,"$12,781","$12,781"
09 - SOCIETY AND CULTURE,0919 - Economics and Econometrics,091903 - Econometrics,Funding Cluster 1,"$16,323","$1,236",Any E312 value,Any E392 value,"$12,781","$12,781"
09 - SOCIETY AND CULTURE,0921 - Sport and Recreation,092100 - Sport and Recreation,Funding Cluster 1,"$16,323","$1,236",Any E312 value,Any E392 value,"$7,659","$7,659"
09 - SOCIETY AND CULTURE,0921 - Sport and Recreation,092101 - Sport and Recreation Activities,Funding Cluster 1,"$16,323","$1,236",Any E312 value,Any E392 value,"$7,659","$7,659"
09 - SOCIETY AND CULTURE,0921 - Sport and Recreation,"092103 - Sports Coaching, Officiating and Instruction",Funding Cluster 1,"$16,323","$1,236",Any E312 value,Any E392 value,"$7,659","$7,659"
09 - SOCIETY AND CULTURE,0921 - Sport and Recreation,"092199 - Sport and Recreation, n.e.c.",Funding Cluster 1,"$16,323","$1,236",Any E312 value,Any E392 value,"$7,659","$7,659"
09 - SOCIETY AND CULTURE,0999 - Other Society and Culture,099900 - Other Society and Culture,Funding Cluster 1,"$16,323","$1,236",Any E312 value,Any E392 value,"$7,659","$7,659"
09 - SOCIETY AND CULTURE,0999 - Other Society and Culture,099901 - Family and Consumer Studies,Funding Cluster 1,"$16,323","$1,236",Any E312 value,Any E392 value,"$7,659","$7,659"
09 - SOCIETY AND CULTURE,0999 - Other Society and Culture,099903 - Criminology,Funding Cluster 1,"$16,323","$1,236",Any E312 value,Any E392 value,"$7,659","$7,659"
09 - SOCIETY AND CULTURE,0999 - Other Society and Culture,099905 - Security Services,Funding Cluster 1,"$16,323","$1,236",Any E312 value,Any E392 value,"$7,659","$7,659"
09 - SOCIETY AND CULTURE,0999 - Other Society and Culture,"099999 - Society and Culture, n.e.c.",Funding Cluster 1,"$16,323","$1,236",Any E312 value,Any E392 value,"$7,659","$7,659"
10 - CREATIVE ARTS,1007 - Communication and Media Studies,100700 - Communication and Media Studies,Funding Cluster 1,"$16,323","$1,236",Any E312 value,Any E392 value,"$7,659","$7,659"
10 - CREATIVE ARTS,1007 - Communication and Media Studies,100701 - Audio Visual Studies,Funding Cluster 1,"$16,323","$1,236",Any E312 value,Any E392 value,"$7,659","$7,659"
10 - CREATIVE ARTS,1007 - Communication and Media Studies,100703 - Journalism,Funding Cluster 1,"$16,323","$1,236",Any E312 value,Any E392 value,"$7,659","$7,659"
10 - CREATIVE ARTS,1007 - Communication and Media Studies,100705 - Written Communication,Funding Cluster 1,"$16,323","$1,236",Any E312 value,Any E392 value,"$7,659","$7,659"
10 - CREATIVE ARTS,1007 - Communication and Media Studies,100707 - Verbal Communication,Funding Cluster 1,"$16,323","$1,236",Any E312 value,Any E392 value,"$7,659","$7,659"
10 - CREATIVE ARTS,1007 - Communication and Media Studies,"100799 - Communication and Media Studies, n.e.c.",Funding Cluster 1,"$16,323","$1,236",Any E312 value,Any E392 value,"$7,659","$7,659"
"11 - FOOD, HOSPITALITY AND PERSONAL SERVICES",1101 - Food and Hospitality,110100 - Food and Hospitality,Funding Cluster 1,"$16,323","$1,236",Any E312 value,Any E392 value,"$12,781","$12,781"
"11 - FOOD, HOSPITALITY AND PERSONAL SERVICES",1101 - Food and Hospitality,110101 - Hospitality,Funding Cluster 1,"$16,323","$1,236",Any E312 value,Any E392 value,"$12,781","$12,781"
"11 - FOOD, HOSPITALITY AND PERSONAL SERVICES",1101 - Food and Hospitality,110103 - Food and Beverage Service,Funding Cluster 1,"$16,323","$1,236",Any E312 value,Any E392 value,"$12,781","$12,781"
"11 - FOOD, HOSPITALITY AND PERSONAL SERVICES",1101 - Food and Hospitality,110105 - Butchery,Funding Cluster 1,"$16,323","$1,236",Any E312 value,Any E392 value,"$12,781","$12,781"
"11 - FOOD, HOSPITALITY AND PERSONAL SERVICES",1101 - Food and Hospitality,110107 - Baking and Pastrymaking,Funding Cluster 1,"$16,323","$1,236",Any E312 value,Any E392 value,"$12,781","$12,781"
"11 - FOOD, HOSPITALITY AND PERSONAL SERVICES",1101 - Food and Hospitality,110109 - Cookery,Funding Cluster 1,"$16,323","$1,236",Any E312 value,Any E392 value,"$12,781","$12,781"
"11 - FOOD, HOSPITALITY AND PERSONAL SERVICES",1101 - Food and Hospitality,110111 - Food Hygiene,Funding Cluster 1,"$16,323","$1,236",Any E312 value,Any E392 value,"$12,781","$12,781"
"11 - FOOD, HOSPITALITY AND PERSONAL SERVICES",1101 - Food and Hospitality,"110199 - Food and Hospitality, n.e.c.",Funding Cluster 1,"$16,323","$1,236",Any E312 value,Any E392 value,"$12,781","$12,781"
"11 - FOOD, HOSPITALITY AND PERSONAL SERVICES",1103 - Personal Services,110300 - Personal Services,Funding Cluster 1,"$16,323","$1,236",Any E312 value,Any E392 value,"$12,781","$12,781"
"11 - FOOD, HOSPITALITY AND PERSONAL SERVICES",1103 - Personal Services,110301 - Beauty Therapy,Funding Cluster 1,"$16,323","$1,236",Any E312 value,Any E392 value,"$12,781","$12,781"
"11 - FOOD, HOSPITALITY AND PERSONAL SERVICES",1103 - Personal Services,110303 - Hairdressing,Funding Cluster 1,"$16,323","$1,236",Any E312 value,Any E392 value,"$12,781","$12,781"
"11 - FOOD, HOSPITALITY AND PERSONAL SERVICES",1103 - Personal Services,"110399 - Personal Services, n.e.c.",Funding Cluster 1,"$16,323","$1,236",Any E312 value,Any E392 value,"$12,781","$12,781"
12 - MIXED FIELD PROGRAMMES,1201 - General Education Programmes,120100 - General Education Programmes,Funding Cluster 1,"$16,323","$1,236",Any E312 value,Any E392 value,"$12,781","$12,781"
12 - MIXED FIELD PROGRAMMES,1201 - General Education Programmes,120101 - General Primary and Secondary Education Programmes,Funding Cluster 1,"$16,323","$1,236",Any E312 value,Any E392 value,"$12,781","$12,781"
12 - MIXED FIELD PROGRAMMES,1201 - General Education Programmes,120103 - Literacy and Numeracy Programmes,Funding Cluster 1,"$16,323","$1,236",Any E312 value,Any E392 value,"$12,781","$12,781"
12 - MIXED FIELD PROGRAMMES,1201 - General Education Programmes,120105 - Learning Skills Programmes,Funding Cluster 1,"$16,323","$1,236",Any E312 value,Any E392 value,"$12,781","$12,781"
12 - MIXED FIELD PROGRAMMES,1201 - General Education Programmes,"120199 - General Education Programmes, n.e.c.",Funding Cluster 1,"$16,323","$1,236",Any E312 value,Any E392 value,"$12,781","$12,781"
12 - MIXED FIELD PROGRAMMES,1203-Social Skills Programs,120300 - Social Skills Programs,Funding Cluster 1,"$16,323","$1,236",Any E312 value,Any E392 value,"$12,781","$12,781"
12 - MIXED FIELD PROGRAMMES,1203-Social Skills Programs,120301 - Social and Interpersonal Skills Programs,Funding Cluster 1,"$16,323","$1,236",Any E312 value,Any E392 value,"$12,781","$12,781"
12 - MIXED FIELD PROGRAMMES,1203-Social Skills Programs,120303 - Survival Skills Programs,Funding Cluster 1,"$16,323","$1,236",Any E312 value,Any E392 value,"$12,781","$12,781"
12 - MIXED FIELD PROGRAMMES,1203-Social Skills Programs,120305 - Parental Education Programs,Funding Cluster 1,"$16,323","$1,236",Any E312 value,Any E392 value,"$12,781","$12,781"
12 - MIXED FIELD PROGRAMMES,1203-Social Skills Programs,"120399 - Social Skills Programs, n.e.c.",Funding Cluster 1,"$16,323","$1,236",Any E312 value,Any E392 value,"$12,781","$12,781"
12 - MIXED FIELD PROGRAMMES,1205-Employment Skills Programs,120500 - Employment Skills Programs,Funding Cluster 1,"$16,323","$1,236",Any E312 value,Any E392 value,"$12,781","$12,781"
12 - MIXED FIELD PROGRAMMES,1205-Employment Skills Programs,120501 - Career Development Programs,Funding Cluster 1,"$16,323","$1,236",Any E312 value,Any E392 value,"$12,781","$12,781"
12 - MIXED FIELD PROGRAMMES,1205-Employment Skills Programs,120503 - Job Search Skills Programs,Funding Cluster 1,"$16,323","$1,236",Any E312 value,Any E392 value,"$12,781","$12,781"
12 - MIXED FIELD PROGRAMMES,1205-Employment Skills Programs,120505 - Work Practices Programs,Funding Cluster 1,"$16,323","$1,236",Any E312 value,Any E392 value,"$12,781","$12,781"
12 - MIXED FIELD PROGRAMMES,1205-Employment Skills Programs,"120599 - Employment Skills Programs, n.e.c.",Funding Cluster 1,"$16,323","$1,236",Any E312 value,Any E392 value,"$12,781","$12,781"
12 - MIXED FIELD PROGRAMMES,1299 - Other Mixed Field Programmes,129900 - Other Mixed Field Programmes,Funding Cluster 1,"$16,323","$1,236",Any E312 value,Any E392 value,"$12,781","$12,781"
12 - MIXED FIELD PROGRAMMES,1299 - Other Mixed Field Programmes,"129999 - Mixed Field Programmes, n.e.c.",Funding Cluster 1,"$16,323","$1,236",Any E312 value,Any E392 value,"$12,781","$12,781"
01 - NATURAL AND PHYSICAL SCIENCES,0101 - Mathematical Sciences,010100 - Mathematical Sciences,Funding Cluster 2,"$4,445","$14,915",Any E312 value,Any E392 value,"$4,445","$4,445"
01 - NATURAL AND PHYSICAL SCIENCES,0101 - Mathematical Sciences,010101 - Mathematics,Funding Cluster 2,"$4,445","$14,915",Any E312 value,Any E392 value,"$4,445","$4,445"
01 - NATURAL AND PHYSICAL SCIENCES,0101 - Mathematical Sciences,010103 - Statistics,Funding Cluster 2,"$4,445","$14,915",Any E312 value,Any E392 value,"$4,445","$4,445"
01 - NATURAL AND PHYSICAL SCIENCES,0101 - Mathematical Sciences,"010199 - Mathematical Sciences, n.e.c.",Funding Cluster 2,"$4,445","$14,915",Any E312 value,Any E392 value,"$4,445","$4,445"
07 - EDUCATION,0701 - Teacher Education,070100 - Teacher Education,Funding Cluster 2,"$4,445","$14,915",Any E312 value,Any E392 value,"$4,445","$4,445"
07 - EDUCATION,0701 - Teacher Education,070101 - Teacher Education: Early Childhood,Funding Cluster 2,"$4,445","$14,915",Any E312 value,Any E392 value,"$4,445","$4,445"
07 - EDUCATION,0701 - Teacher Education,070103 - Teacher Education: Primary,Funding Cluster 2,"$4,445","$14,915",Any E312 value,Any E392 value,"$4,445","$4,445"
07 - EDUCATION,0701 - Teacher Education,070105 - Teacher Education: Secondary,Funding Cluster 2,"$4,445","$14,915",Any E312 value,Any E392 value,"$4,445","$4,445"
07 - EDUCATION,0701 - Teacher Education,070107 - Teacher-Librarianship,Funding Cluster 2,"$4,445","$14,915",Any E312 value,Any E392 value,"$4,445","$4,445"
07 - EDUCATION,0701 - Teacher Education,070109 - Teacher Education: Vocational Education and Training,Funding Cluster 2,"$4,445","$14,915",Any E312 value,Any E392 value,"$4,445","$4,445"
07 - EDUCATION,0701 - Teacher Education,070111 - Teacher Education: Higher Education,Funding Cluster 2,"$4,445","$14,915",Any E312 value,Any E392 value,"$4,445","$4,445"
07 - EDUCATION,0701 - Teacher Education,070113 - Teacher Education: Special Education,Funding Cluster 2,"$4,445","$14,915",Any E312 value,Any E392 value,"$4,445","$4,445"
07 - EDUCATION,0701 - Teacher Education,070115 - English as a Second Language Teaching,Funding Cluster 2,"$4,445","$14,915",Any E312 value,Any E392 value,"$4,445","$4,445"
07 - EDUCATION,0701 - Teacher Education,070117 - Nursing Education Teacher Training,Funding Cluster 2,"$4,445","$14,915",Any E312 value,Any E392 value,"$4,445","$4,445"
07 - EDUCATION,0701 - Teacher Education,"070199 - Teacher Education, n.e.c.",Funding Cluster 2,"$4,445","$14,915",Any E312 value,Any E392 value,"$4,445","$4,445"
07 - EDUCATION,0703 - Curriculum and Education Studies,070300 - Curriculum and Education Studies,Funding Cluster 2,"$4,445","$14,915",Any E312 value,Any E392 value,"$4,445","$4,445"
07 - EDUCATION,0703 - Curriculum and Education Studies,070301 - Curriculum Studies,Funding Cluster 2,"$4,445","$14,915",Any E312 value,Any E392 value,"$4,445","$4,445"
07 - EDUCATION,0703 - Curriculum and Education Studies,070303 - Education Studies,Funding Cluster 2,"$4,445","$14,915",Any E312 value,Any E392 value,"$4,445","$4,445"
07 - EDUCATION,0799 - Other Education,079900 - Other Education,Funding Cluster 2,"$4,445","$14,915",Any E312 value,Any E392 value,"$4,445","$4,445"
07 - EDUCATION,0799 - Other Education,"079999 - Education, n.e.c.",Funding Cluster 2,"$4,445","$14,915",Any E312 value,Any E392 value,"$4,445","$4,445"
09 - SOCIETY AND CULTURE,0915 - Language and Literature,091500 - Language and Literature,Funding Cluster 2,"$4,445","$14,915",Any E312 value,Any E392 value,"$4,445","$4,445"
09 - SOCIETY AND CULTURE,0915 - Language and Literature,091501 - English Language,Funding Cluster 2,"$4,445","$14,915",Any E312 value,Any E392 value,"$4,445","$4,445"
09 - SOCIETY AND CULTURE,0915 - Language and Literature,091521 - Linguistics,Funding Cluster 2,"$4,445","$14,915",Any E312 value,Any E392 value,"$4,445","$4,445"
09 - SOCIETY AND CULTURE,0915 - Language and Literature,091523 - Literature,Funding Cluster 2,"$4,445","$14,915",Any E312 value,Any E392 value,"$4,445","$4,445"
09 - SOCIETY AND CULTURE,0915 - Language and Literature,"091599 - Language and Literature, n.e.c.",Funding Cluster 2,"$4,445","$14,915",Any E312 value,Any E392 value,"$4,445","$4,445"
02 - INFORMATION TECHNOLOGY,0201 - Computer Science,020100 - Computer Science,Funding Cluster 2,"$8,948","$14,915",Any E312 value,Any E392 value,"$8,948","$8,948"
02 - INFORMATION TECHNOLOGY,0201 - Computer Science,020101 - Formal Language Theory,Funding Cluster 2,"$8,948","$14,915",Any E312 value,Any E392 value,"$8,948","$8,948"
02 - INFORMATION TECHNOLOGY,0201 - Computer Science,020103 - Programming,Funding Cluster 2,"$8,948","$14,915",Any E312 value,Any E392 value,"$8,948","$8,948"
02 - INFORMATION TECHNOLOGY,0201 - Computer Science,020105 - Computational Theory,Funding Cluster 2,"$8,948","$14,915",Any E312 value,Any E392 value,"$8,948","$8,948"
02 - INFORMATION TECHNOLOGY,0201 - Computer Science,020107 - Compiler Construction,Funding Cluster 2,"$8,948","$14,915",Any E312 value,Any E392 value,"$8,948","$8,948"
02 - INFORMATION TECHNOLOGY,0201 - Computer Science,020109 - Algorithms,Funding Cluster 2,"$8,948","$14,915",Any E312 value,Any E392 value,"$8,948","$8,948"
02 - INFORMATION TECHNOLOGY,0201 - Computer Science,020111 - Data Structures,Funding Cluster 2,"$8,948","$14,915",Any E312 value,Any E392 value,"$8,948","$8,948"
02 - INFORMATION TECHNOLOGY,0201 - Computer Science,020113 - Networks and Communications,Funding Cluster 2,"$8,948","$14,915",Any E312 value,Any E392 value,"$8,948","$8,948"
02 - INFORMATION TECHNOLOGY,0201 - Computer Science,020115 - Computer Graphics,Funding Cluster 2,"$8,948","$14,915",Any E312 value,Any E392 value,"$8,948","$8,948"
02 - INFORMATION TECHNOLOGY,0201 - Computer Science,020117 - Operating Systems,Funding Cluster 2,"$8,948","$14,915",Any E312 value,Any E392 value,"$8,948","$8,948"
02 - INFORMATION TECHNOLOGY,0201 - Computer Science,020119 - Artificial Intelligence,Funding Cluster 2,"$8,948","$14,915",Any E312 value,Any E392 value,"$8,948","$8,948"
02 - INFORMATION TECHNOLOGY,0201 - Computer Science,"020199 - Computer Science, n.e.c.",Funding Cluster 2,"$8,948","$14,915",Any E312 value,Any E392 value,"$8,948","$8,948"
02 - INFORMATION TECHNOLOGY,0203 - Information Systems,020300 - Information Systems,Funding Cluster 2,"$8,948","$14,915",Any E312 value,Any E392 value,"$8,948","$8,948"
02 - INFORMATION TECHNOLOGY,0203 - Information Systems,020301 - Conceptual Modelling,Funding Cluster 2,"$8,948","$14,915",Any E312 value,Any E392 value,"$8,948","$8,948"
02 - INFORMATION TECHNOLOGY,0203 - Information Systems,020303 - Database Management,Funding Cluster 2,"$8,948","$14,915",Any E312 value,Any E392 value,"$8,948","$8,948"
02 - INFORMATION TECHNOLOGY,0203 - Information Systems,020305 - Systems Analysis and Design,Funding Cluster 2,"$8,948","$14,915",Any E312 value,Any E392 value,"$8,948","$8,948"
02 - INFORMATION TECHNOLOGY,0203 - Information Systems,020307 - Decision Support Systems,Funding Cluster 2,"$8,948","$14,915",Any E312 value,Any E392 value,"$8,948","$8,948"
02 - INFORMATION TECHNOLOGY,0203 - Information Systems,"020399 - Information Systems, n.e.c.",Funding Cluster 2,"$8,948","$14,915",Any E312 value,Any E392 value,"$8,948","$8,948"
02 - INFORMATION TECHNOLOGY,0299 - Other Information Technology,029900 - Other Information Technology,Funding Cluster 2,"$8,948","$14,915",Any E312 value,Any E392 value,"$8,948","$8,948"
02 - INFORMATION TECHNOLOGY,0299 - Other Information Technology,029901 - Security Science,Funding Cluster 2,"$8,948","$14,915",Any E312 value,Any E392 value,"$8,948","$8,948"
02 - INFORMATION TECHNOLOGY,0299 - Other Information Technology,"029999 - Information Technology, n.e.c.",Funding Cluster 2,"$8,948","$14,915",Any E312 value,Any E392 value,"$8,948","$8,948"
04 - ARCHITECTURE AND BUILDING,0401 - Architecture and Urban Environment,040100 - Architecture and Urban Environment,Funding Cluster 2,"$8,948","$14,915",Any E312 value,Any E392 value,"$8,948","$8,948"
04 - ARCHITECTURE AND BUILDING,0401 - Architecture and Urban Environment,040101 - Architecture,Funding Cluster 2,"$8,948","$14,915",Any E312 value,Any E392 value,"$8,948","$8,948"
04 - ARCHITECTURE AND BUILDING,0401 - Architecture and Urban Environment,040103 - Urban Design and Regional Planning,Funding Cluster 2,"$8,948","$14,915",Any E312 value,Any E392 value,"$8,948","$8,948"
04 - ARCHITECTURE AND BUILDING,0401 - Architecture and Urban Environment,040105 - Landscape Architecture,Funding Cluster 2,"$8,948","$14,915",Any E312 value,Any E392 value,"$8,948","$8,948"
04 - ARCHITECTURE AND BUILDING,0401 - Architecture and Urban Environment,040107 - Interior and Environmental Design,Funding Cluster 2,"$8,948","$14,915",Any E312 value,Any E392 value,"$8,948","$8,948"
04 - ARCHITECTURE AND BUILDING,0401 - Architecture and Urban Environment,"040199 - Architecture and Urban Environment, n.e.c.",Funding Cluster 2,"$8,948","$14,915",Any E312 value,Any E392 value,"$8,948","$8,948"
04 - ARCHITECTURE AND BUILDING,0403 - Building,040300 - Building,Funding Cluster 2,"$8,948","$14,915",Any E312 value,Any E392 value,"$8,948","$8,948"
04 - ARCHITECTURE AND BUILDING,0403 - Building,040301 - Building Science and Technology,Funding Cluster 2,"$8,948","$14,915",Any E312 value,Any E392 value,"$8,948","$8,948"
04 - ARCHITECTURE AND BUILDING,0403 - Building,040303 - Building Construction Management,Funding Cluster 2,"$8,948","$14,915",Any E312 value,Any E392 value,"$8,948","$8,948"
04 - ARCHITECTURE AND BUILDING,0403 - Building,040305 - Building Surveying,Funding Cluster 2,"$8,948","$14,915",Any E312 value,Any E392 value,"$8,948","$8,948"
04 - ARCHITECTURE AND BUILDING,0403 - Building,040307 - Building Construction Economics,Funding Cluster 2,"$8,948","$14,915",Any E312 value,Any E392 value,"$8,948","$8,948"
04 - ARCHITECTURE AND BUILDING,0403 - Building,040309 - Bricklaying and Stonemasonry,Funding Cluster 2,"$8,948","$14,915",Any E312 value,Any E392 value,"$8,948","$8,948"
04 - ARCHITECTURE AND BUILDING,0403 - Building,040311 - Carpentry and Joinery,Funding Cluster 2,"$8,948","$14,915",Any E312 value,Any E392 value,"$8,948","$8,948"
04 - ARCHITECTURE AND BUILDING,0403 - Building,"040313 - Ceiling, Wall and Floor Fixing",Funding Cluster 2,"$8,948","$14,915",Any E312 value,Any E392 value,"$8,948","$8,948"
04 - ARCHITECTURE AND BUILDING,0403 - Building,040315 - Roof Fixing,Funding Cluster 2,"$8,948","$14,915",Any E312 value,Any E392 value,"$8,948","$8,948"
04 - ARCHITECTURE AND BUILDING,0403 - Building,040317 - Plastering,Funding Cluster 2,"$8,948","$14,915",Any E312 value,Any E392 value,"$8,948","$8,948"
04 - ARCHITECTURE AND BUILDING,0403 - Building,040319 - Furnishing Installation,Funding Cluster 2,"$8,948","$14,915",Any E312 value,Any E392 value,"$8,948","$8,948"
04 - ARCHITECTURE AND BUILDING,0403 - Building,040321 - Floor Coverings,Funding Cluster 2,"$8,948","$14,915",Any E312 value,Any E392 value,"$8,948","$8,948"
04 - ARCHITECTURE AND BUILDING,0403 - Building,040323 - Glazing,Funding Cluster 2,"$8,948","$14,915",Any E312 value,Any E392 value,"$8,948","$8,948"
04 - ARCHITECTURE AND BUILDING,0403 - Building,"040325 - Painting, Decorating and Sign Writing",Funding Cluster 2,"$8,948","$14,915",Any E312 value,Any E392 value,"$8,948","$8,948"
04 - ARCHITECTURE AND BUILDING,0403 - Building,040327 - Plumbing,Funding Cluster 2,"$8,948","$14,915",Any E312 value,Any E392 value,"$8,948","$8,948"
04 - ARCHITECTURE AND BUILDING,0403 - Building,040329 - Scaffolding and Rigging,Funding Cluster 2,"$8,948","$14,915",Any E312 value,Any E392 value,"$8,948","$8,948"
04 - ARCHITECTURE AND BUILDING,0403 - Building,"040399 - Building, n.e.c.",Funding Cluster 2,"$8,948","$14,915",Any E312 value,Any E392 value,"$8,948","$8,948"
06 - HEALTH,0605 - Pharmacy,060500 - Pharmacy,Funding Cluster 2,"$8,948","$14,915",Any E312 value,Any E392 value,"$8,948","$8,948"
06 - HEALTH,0605 - Pharmacy,060501 - Pharmacy,Funding Cluster 2,"$8,948","$14,915",Any E312 value,Any E392 value,"$8,948","$8,948"
06 - HEALTH,0609 - Optical Science,060900 - Optical Science,Funding Cluster 2,"$8,948","$14,915",Any E312 value,Any E392 value,"$8,948","$8,948"
06 - HEALTH,0609 - Optical Science,060901 - Optometry,Funding Cluster 2,"$8,948","$14,915",Any E312 value,Any E392 value,"$8,948","$8,948"
06 - HEALTH,0609 - Optical Science,060903 - Optical Technology,Funding Cluster 2,"$8,948","$14,915",Any E312 value,Any E392 value,"$8,948","$8,948"
06 - HEALTH,0609 - Optical Science,"060999 - Optical Science, n.e.c.",Funding Cluster 2,"$8,948","$14,915",Any E312 value,Any E392 value,"$8,948","$8,948"
06 - HEALTH,0613 - Public Health,061300 - Public Health,Funding Cluster 2,"$8,948","$14,915",Any E312 value,Any E392 value,"$8,948","$8,948"
06 - HEALTH,0613 - Public Health,061301 - Occupational Health and Safety,Funding Cluster 2,"$8,948","$14,915",Any E312 value,Any E392 value,"$8,948","$8,948"
06 - HEALTH,0613 - Public Health,061303 - Environmental Health,Funding Cluster 2,"$8,948","$14,915",Any E312 value,Any E392 value,"$8,948","$8,948"
06 - HEALTH,0613 - Public Health,061305 - Indigenous Health,Funding Cluster 2,"$8,948","$14,915",Any E312 value,Any E392 value,"$8,948","$8,948"
06 - HEALTH,0613 - Public Health,061307 - Health Promotion,Funding Cluster 2,"$8,948","$14,915",Any E312 value,Any E392 value,"$8,948","$8,948"
06 - HEALTH,0613 - Public Health,061309 - Community Health ,Funding Cluster 2,"$8,948","$14,915",Any E312 value,Any E392 value,"$8,948","$8,948"
06 - HEALTH,0613 - Public Health,061311 - Epidemiology,Funding Cluster 2,"$8,948","$14,915",Any E312 value,Any E392 value,"$8,948","$8,948"
06 - HEALTH,0613 - Public Health,"061399 - Public Health, n.e.c.",Funding Cluster 2,"$8,948","$14,915",Any E312 value,Any E392 value,"$8,948","$8,948"
06 - HEALTH,0615 - Radiography,061500 - Radiography,Funding Cluster 2,"$8,948","$14,915",Any E312 value,Any E392 value,"$8,948","$8,948"
06 - HEALTH,0615 - Radiography,061501 - Radiography,Funding Cluster 2,"$8,948","$14,915",Any E312 value,Any E392 value,"$8,948","$8,948"
06 - HEALTH,0617 - Rehabilitation Therapies,061700 - Rehabilitation Therapies,Funding Cluster 2,"$8,948","$14,915",Any E312 value,Any E392 value,"$8,948","$8,948"
06 - HEALTH,0617 - Rehabilitation Therapies,061701 - Physiotherapy,Funding Cluster 2,"$8,948","$14,915",Any E312 value,Any E392 value,"$8,948","$8,948"
06 - HEALTH,0617 - Rehabilitation Therapies,061703 - Occupational Therapy,Funding Cluster 2,"$8,948","$14,915",Any E312 value,Any E392 value,"$8,948","$8,948"
06 - HEALTH,0617 - Rehabilitation Therapies,061705 - Chiropractic and Osteopathy,Funding Cluster 2,"$8,948","$14,915",Any E312 value,Any E392 value,"$8,948","$8,948"
06 - HEALTH,0617 - Rehabilitation Therapies,061707 - Speech Pathology,Funding Cluster 2,"$8,948","$14,915",Any E312 value,Any E392 value,"$8,948","$8,948"
06 - HEALTH,0617 - Rehabilitation Therapies,061709 - Audiology,Funding Cluster 2,"$8,948","$14,915",Any E312 value,Any E392 value,"$8,948","$8,948"
06 - HEALTH,0617 - Rehabilitation Therapies,061711 - Massage Therapy,Funding Cluster 2,"$8,948","$14,915",Any E312 value,Any E392 value,"$8,948","$8,948"
06 - HEALTH,0617 - Rehabilitation Therapies,061713 - Podiatry,Funding Cluster 2,"$8,948","$14,915",Any E312 value,Any E392 value,"$8,948","$8,948"
06 - HEALTH,0617 - Rehabilitation Therapies,"061799 - Rehabilitation Therapies, n.e.c.",Funding Cluster 2,"$8,948","$14,915",Any E312 value,Any E392 value,"$8,948","$8,948"
06 - HEALTH,0619 - Complementary Therapies,061900 - Complementary Therapies,Funding Cluster 2,"$8,948","$14,915",Any E312 value,Any E392 value,"$8,948","$8,948"
06 - HEALTH,0619 - Complementary Therapies,061901 - Naturopathy,Funding Cluster 2,"$8,948","$14,915",Any E312 value,Any E392 value,"$8,948","$8,948"
06 - HEALTH,0619 - Complementary Therapies,061903 - Acupuncture,Funding Cluster 2,"$8,948","$14,915",Any E312 value,Any E392 value,"$8,948","$8,948"
06 - HEALTH,0619 - Complementary Therapies,061905 - Traditional Chinese Medicine,Funding Cluster 2,"$8,948","$14,915",Any E312 value,Any E392 value,"$8,948","$8,948"
06 - HEALTH,0619 - Complementary Therapies,"061999 - Complementary Therapies, n.e.c.",Funding Cluster 2,"$8,948","$14,915",Any E312 value,Any E392 value,"$8,948","$8,948"
06 - HEALTH,0699 - Other Health,069900 - Other Health,Funding Cluster 2,"$8,948","$14,915",Any E312 value,Any E392 value,"$8,948","$8,948"
06 - HEALTH,0699 - Other Health,069901 - Nutrition and Dietetics,Funding Cluster 2,"$8,948","$14,915",Any E312 value,Any E392 value,"$8,948","$8,948"
06 - HEALTH,0699 - Other Health,069905 - Paramedical Studies,Funding Cluster 2,"$8,948","$14,915",Any E312 value,Any E392 value,"$8,948","$8,948"
06 - HEALTH,0699 - Other Health,069907 - First Aid,Funding Cluster 2,"$8,948","$14,915",Any E312 value,Any E392 value,"$8,948","$8,948"
06 - HEALTH,0699 - Other Health,"069999 - Health, n.e.c.",Funding Cluster 2,"$8,948","$14,915",Any E312 value,Any E392 value,"$8,948","$8,948"
10 - CREATIVE ARTS,1001 - Performing Arts,100100 - Performing Arts,Funding Cluster 2,"$8,948","$14,915",Any E312 value,Any E392 value,"$7,659","$7,659"
10 - CREATIVE ARTS,1001 - Performing Arts,100101 - Music,Funding Cluster 2,"$8,948","$14,915",Any E312 value,Any E392 value,"$7,659","$7,659"
10 - CREATIVE ARTS,1001 - Performing Arts,100103 - Drama and Theatre Studies,Funding Cluster 2,"$8,948","$14,915",Any E312 value,Any E392 value,"$7,659","$7,659"
10 - CREATIVE ARTS,1001 - Performing Arts,100105 - Dance,Funding Cluster 2,"$8,948","$14,915",Any E312 value,Any E392 value,"$7,659","$7,659"
10 - CREATIVE ARTS,1001 - Performing Arts,"100199 - Performing Arts, n.e.c.",Funding Cluster 2,"$8,948","$14,915",Any E312 value,Any E392 value,"$7,659","$7,659"
10 - CREATIVE ARTS,1003 - Visual Arts and Crafts,100300 - Visual Arts and Crafts,Funding Cluster 2,"$8,948","$14,915",Any E312 value,Any E392 value,"$7,659","$7,659"
10 - CREATIVE ARTS,1003 - Visual Arts and Crafts,100301 - Fine Arts,Funding Cluster 2,"$8,948","$14,915",Any E312 value,Any E392 value,"$7,659","$7,659"
10 - CREATIVE ARTS,1003 - Visual Arts and Crafts,100303 - Photography,Funding Cluster 2,"$8,948","$14,915",Any E312 value,Any E392 value,"$7,659","$7,659"
10 - CREATIVE ARTS,1003 - Visual Arts and Crafts,100305 - Crafts,Funding Cluster 2,"$8,948","$14,915",Any E312 value,Any E392 value,"$7,659","$7,659"
10 - CREATIVE ARTS,1003 - Visual Arts and Crafts,100307 - Jewellery Making,Funding Cluster 2,"$8,948","$14,915",Any E312 value,Any E392 value,"$7,659","$7,659"
10 - CREATIVE ARTS,1003 - Visual Arts and Crafts,100309 - Floristry,Funding Cluster 2,"$8,948","$14,915",Any E312 value,Any E392 value,"$7,659","$7,659"
10 - CREATIVE ARTS,1003 - Visual Arts and Crafts,"100399 - Visual Arts and Crafts, n.e.c.",Funding Cluster 2,"$8,948","$14,915",Any E312 value,Any E392 value,"$7,659","$7,659"
10 - CREATIVE ARTS,1005 - Graphic and Design Studies,100500 - Graphic and Design Studies,Funding Cluster 2,"$8,948","$14,915",Any E312 value,Any E392 value,"$7,659","$7,659"
10 - CREATIVE ARTS,1005 - Graphic and Design Studies,100501 - Graphic Arts and Design Studies,Funding Cluster 2,"$8,948","$14,915",Any E312 value,Any E392 value,"$7,659","$7,659"
10 - CREATIVE ARTS,1005 - Graphic and Design Studies,100503 - Textile Design,Funding Cluster 2,"$8,948","$14,915",Any E312 value,Any E392 value,"$7,659","$7,659"
10 - CREATIVE ARTS,1005 - Graphic and Design Studies,100505 - Fashion Design,Funding Cluster 2,"$8,948","$14,915",Any E312 value,Any E392 value,"$7,659","$7,659"
10 - CREATIVE ARTS,1005 - Graphic and Design Studies,"100599 - Graphic and Design Studies, n.e.c.",Funding Cluster 2,"$8,948","$14,915",Any E312 value,Any E392 value,"$7,659","$7,659"
10 - CREATIVE ARTS,1099 - Other Creative Arts,109900 - Other Creative Arts,Funding Cluster 2,"$8,948","$14,915",Any E312 value,Any E392 value,"$7,659","$7,659"
10 - CREATIVE ARTS,1099 - Other Creative Arts,"109999 - Creative Arts, n.e.c.",Funding Cluster 2,"$8,948","$14,915",Any E312 value,Any E392 value,"$7,659","$7,659"
06 - HEALTH,0603 - Nursing,060300 - Nursing,Funding Cluster 3,"$4,445","$18,292",Any E312 value,Any E392 value,"$4,445","$4,445"
06 - HEALTH,0603 - Nursing,060301 - General Nursing,Funding Cluster 3,"$4,445","$18,292",Any E312 value,Any E392 value,"$4,445","$4,445"
06 - HEALTH,0603 - Nursing,060303 - Midwifery,Funding Cluster 3,"$4,445","$18,292",Any E312 value,Any E392 value,"$4,445","$4,445"
06 - HEALTH,0603 - Nursing,060305 - Mental Health Nursing,Funding Cluster 3,"$4,445","$18,292",Any E312 value,Any E392 value,"$4,445","$4,445"
06 - HEALTH,0603 - Nursing,060307 - Community Nursing,Funding Cluster 3,"$4,445","$18,292",Any E312 value,Any E392 value,"$4,445","$4,445"
06 - HEALTH,0603 - Nursing,060309 - Critical Care Nursing,Funding Cluster 3,"$4,445","$18,292",Any E312 value,Any E392 value,"$4,445","$4,445"
06 - HEALTH,0603 - Nursing,060311 - Aged Care Nursing,Funding Cluster 3,"$4,445","$18,292",Any E312 value,Any E392 value,"$4,445","$4,445"
06 - HEALTH,0603 - Nursing,060313 - Palliative Care Nursing,Funding Cluster 3,"$4,445","$18,292",Any E312 value,Any E392 value,"$4,445","$4,445"
06 - HEALTH,0603 - Nursing,060315 - Mothercraft Nursing and Family and Child Health Nursing,Funding Cluster 3,"$4,445","$18,292",Any E312 value,Any E392 value,"$4,445","$4,445"
06 - HEALTH,0603 - Nursing,"060399 - Nursing, n.e.c.",Funding Cluster 3,"$4,445","$18,292",Any E312 value,Any E392 value,"$4,445","$4,445"
09 - SOCIETY AND CULTURE,0915 - Language and Literature,091503 - Northern European Languages,Funding Cluster 3,"$4,445","$18,292",Any E312 value,Any E392 value,"$4,445","$4,445"
09 - SOCIETY AND CULTURE,0915 - Language and Literature,091505 - Southern European Languages,Funding Cluster 3,"$4,445","$18,292",Any E312 value,Any E392 value,"$4,445","$4,445"
09 - SOCIETY AND CULTURE,0915 - Language and Literature,091507 - Eastern European Languages,Funding Cluster 3,"$4,445","$18,292",Any E312 value,Any E392 value,"$4,445","$4,445"
09 - SOCIETY AND CULTURE,0915 - Language and Literature,091509 - Southwest Asian and North African Languages,Funding Cluster 3,"$4,445","$18,292",Any E312 value,Any E392 value,"$4,445","$4,445"
09 - SOCIETY AND CULTURE,0915 - Language and Literature,091511 - Southern Asian Languages,Funding Cluster 3,"$4,445","$18,292",Any E312 value,Any E392 value,"$4,445","$4,445"
09 - SOCIETY AND CULTURE,0915 - Language and Literature,091513 - Southeast Asian Languages,Funding Cluster 3,"$4,445","$18,292",Any E312 value,Any E392 value,"$4,445","$4,445"
09 - SOCIETY AND CULTURE,0915 - Language and Literature,091515 - Eastern Asian Languages,Funding Cluster 3,"$4,445","$18,292",Any E312 value,Any E392 value,"$4,445","$4,445"
09 - SOCIETY AND CULTURE,0915 - Language and Literature,091517 - Australian Indigenous Languages,Funding Cluster 3,"$4,445","$18,292",Any E312 value,Any E392 value,"$4,445","$4,445"
09 - SOCIETY AND CULTURE,0915 - Language and Literature,091519 - Translating and Interpreting,Funding Cluster 3,"$4,445","$18,292",Any E312 value,Any E392 value,"$4,445","$4,445"
01 - NATURAL AND PHYSICAL SCIENCES,0103 - Physics and Astronomy,010300 - Physics and Astronomy,Funding Cluster 3,"$8,948","$18,292",Any E312 value,Any E392 value,"$8,948","$8,948"
01 - NATURAL AND PHYSICAL SCIENCES,0103 - Physics and Astronomy,010301 - Physics,Funding Cluster 3,"$8,948","$18,292",Any E312 value,Any E392 value,"$8,948","$8,948"
01 - NATURAL AND PHYSICAL SCIENCES,0103 - Physics and Astronomy,010303 - Astronomy,Funding Cluster 3,"$8,948","$18,292",Any E312 value,Any E392 value,"$8,948","$8,948"
01 - NATURAL AND PHYSICAL SCIENCES,0105 - Chemical Sciences,010500 - Chemical Sciences,Funding Cluster 3,"$8,948","$18,292",Any E312 value,Any E392 value,"$8,948","$8,948"
01 - NATURAL AND PHYSICAL SCIENCES,0105 - Chemical Sciences,010501 - Organic Chemistry,Funding Cluster 3,"$8,948","$18,292",Any E312 value,Any E392 value,"$8,948","$8,948"
01 - NATURAL AND PHYSICAL SCIENCES,0105 - Chemical Sciences,010503 - Inorganic Chemistry,Funding Cluster 3,"$8,948","$18,292",Any E312 value,Any E392 value,"$8,948","$8,948"
01 - NATURAL AND PHYSICAL SCIENCES,0105 - Chemical Sciences,"010599 - Chemical Sciences, n.e.c.",Funding Cluster 3,"$8,948","$18,292",Any E312 value,Any E392 value,"$8,948","$8,948"
01 - NATURAL AND PHYSICAL SCIENCES,0107 - Earth Sciences,010700 - Earth Sciences,Funding Cluster 3,"$8,948","$18,292",Any E312 value,Any E392 value,"$8,948","$8,948"
01 - NATURAL AND PHYSICAL SCIENCES,0107 - Earth Sciences,010701 - Atmospheric Sciences,Funding Cluster 3,"$8,948","$18,292",Any E312 value,Any E392 value,"$8,948","$8,948"
01 - NATURAL AND PHYSICAL SCIENCES,0107 - Earth Sciences,010703 - Geology,Funding Cluster 3,"$8,948","$18,292",Any E312 value,Any E392 value,"$8,948","$8,948"
01 - NATURAL AND PHYSICAL SCIENCES,0107 - Earth Sciences,010705 - Geophysics,Funding Cluster 3,"$8,948","$18,292",Any E312 value,Any E392 value,"$8,948","$8,948"
01 - NATURAL AND PHYSICAL SCIENCES,0107 - Earth Sciences,010707 - Geochemistry,Funding Cluster 3,"$8,948","$18,292",Any E312 value,Any E392 value,"$8,948","$8,948"
01 - NATURAL AND PHYSICAL SCIENCES,0107 - Earth Sciences,010709 - Soil Science,Funding Cluster 3,"$8,948","$18,292",Any E312 value,Any E392 value,"$8,948","$8,948"
01 - NATURAL AND PHYSICAL SCIENCES,0107 - Earth Sciences,010711 - Hydrology,Funding Cluster 3,"$8,948","$18,292",Any E312 value,Any E392 value,"$8,948","$8,948"
01 - NATURAL AND PHYSICAL SCIENCES,0107 - Earth Sciences,010713 - Oceanography,Funding Cluster 3,"$8,948","$18,292",Any E312 value,Any E392 value,"$8,948","$8,948"
01 - NATURAL AND PHYSICAL SCIENCES,0107 - Earth Sciences,"010799 - Earth Sciences, n.e.c.",Funding Cluster 3,"$8,948","$18,292",Any E312 value,Any E392 value,"$8,948","$8,948"
01 - NATURAL AND PHYSICAL SCIENCES,0109 - Biological Sciences,010900 - Biological Sciences,Funding Cluster 3,"$8,948","$18,292",Any E312 value,Any E392 value,"$8,948","$8,948"
01 - NATURAL AND PHYSICAL SCIENCES,0109 - Biological Sciences,010901 - Biochemistry and Cell Biology,Funding Cluster 3,"$8,948","$18,292",Any E312 value,Any E392 value,"$8,948","$8,948"
01 - NATURAL AND PHYSICAL SCIENCES,0109 - Biological Sciences,010903 - Botany,Funding Cluster 3,"$8,948","$18,292",Any E312 value,Any E392 value,"$8,948","$8,948"
01 - NATURAL AND PHYSICAL SCIENCES,0109 - Biological Sciences,010905 - Ecology and Evolution,Funding Cluster 3,"$8,948","$18,292",Any E312 value,Any E392 value,"$8,948","$8,948"
01 - NATURAL AND PHYSICAL SCIENCES,0109 - Biological Sciences,010907 - Marine Science,Funding Cluster 3,"$8,948","$18,292",Any E312 value,Any E392 value,"$8,948","$8,948"
01 - NATURAL AND PHYSICAL SCIENCES,0109 - Biological Sciences,010909 - Genetics,Funding Cluster 3,"$8,948","$18,292",Any E312 value,Any E392 value,"$8,948","$8,948"
01 - NATURAL AND PHYSICAL SCIENCES,0109 - Biological Sciences,010911 - Microbiology,Funding Cluster 3,"$8,948","$18,292",Any E312 value,Any E392 value,"$8,948","$8,948"
01 - NATURAL AND PHYSICAL SCIENCES,0109 - Biological Sciences,010913 - Human Biology,Funding Cluster 3,"$8,948","$18,292",Any E312 value,Any E392 value,"$8,948","$8,948"
01 - NATURAL AND PHYSICAL SCIENCES,0109 - Biological Sciences,010915 - Zoology,Funding Cluster 3,"$8,948","$18,292",Any E312 value,Any E392 value,"$8,948","$8,948"
01 - NATURAL AND PHYSICAL SCIENCES,0109 - Biological Sciences,"010999 - Biological Sciences, n.e.c.",Funding Cluster 3,"$8,948","$18,292",Any E312 value,Any E392 value,"$8,948","$8,948"
01 - NATURAL AND PHYSICAL SCIENCES,0199 - Other Natural and Physical Sciences,019900 - Other Natural and Physical Sciences,Funding Cluster 3,"$8,948","$18,292",Any E312 value,Any E392 value,"$8,948","$8,948"
01 - NATURAL AND PHYSICAL SCIENCES,0199 - Other Natural and Physical Sciences,019901 - Medical Science,Funding Cluster 3,"$8,948","$18,292",Any E312 value,Any E392 value,"$8,948","$8,948"
01 - NATURAL AND PHYSICAL SCIENCES,0199 - Other Natural and Physical Sciences,019903 - Forensic Science,Funding Cluster 3,"$8,948","$18,292",Any E312 value,Any E392 value,"$8,948","$8,948"
01 - NATURAL AND PHYSICAL SCIENCES,0199 - Other Natural and Physical Sciences,019905 - Food Science and Biotechnology,Funding Cluster 3,"$8,948","$18,292",Any E312 value,Any E392 value,"$8,948","$8,948"
01 - NATURAL AND PHYSICAL SCIENCES,0199 - Other Natural and Physical Sciences,019907 - Pharmacology,Funding Cluster 3,"$8,948","$18,292",Any E312 value,Any E392 value,"$8,948","$8,948"
01 - NATURAL AND PHYSICAL SCIENCES,0199 - Other Natural and Physical Sciences,019909 - Laboratory Technology,Funding Cluster 3,"$8,948","$18,292",Any E312 value,Any E392 value,"$8,948","$8,948"
01 - NATURAL AND PHYSICAL SCIENCES,0199 - Other Natural and Physical Sciences,"019999 - Natural and Physical Sciences, n.e.c.",Funding Cluster 3,"$8,948","$18,292",Any E312 value,Any E392 value,"$8,948","$8,948"
03 - ENGINEERING AND RELATED TECHNOLOGIES,0301 - Manufacturing Engineering and Technology,030100 - Manufacturing Engineering and Technology,Funding Cluster 3,"$8,948","$18,292",Any E312 value,Any E392 value,"$8,948","$8,948"
03 - ENGINEERING AND RELATED TECHNOLOGIES,0301 - Manufacturing Engineering and Technology,030101 - Manufacturing Engineering,Funding Cluster 3,"$8,948","$18,292",Any E312 value,Any E392 value,"$8,948","$8,948"
03 - ENGINEERING AND RELATED TECHNOLOGIES,0301 - Manufacturing Engineering and Technology,030103 - Printing,Funding Cluster 3,"$8,948","$18,292",Any E312 value,Any E392 value,"$8,948","$8,948"
03 - ENGINEERING AND RELATED TECHNOLOGIES,0301 - Manufacturing Engineering and Technology,030105 - Textile Making,Funding Cluster 3,"$8,948","$18,292",Any E312 value,Any E392 value,"$8,948","$8,948"
03 - ENGINEERING AND RELATED TECHNOLOGIES,0301 - Manufacturing Engineering and Technology,030107 - Garment Making,Funding Cluster 3,"$8,948","$18,292",Any E312 value,Any E392 value,"$8,948","$8,948"
03 - ENGINEERING AND RELATED TECHNOLOGIES,0301 - Manufacturing Engineering and Technology,030109 - Footwear Making,Funding Cluster 3,"$8,948","$18,292",Any E312 value,Any E392 value,"$8,948","$8,948"
03 - ENGINEERING AND RELATED TECHNOLOGIES,0301 - Manufacturing Engineering and Technology,030111 - Wood Machining and Turning,Funding Cluster 3,"$8,948","$18,292",Any E312 value,Any E392 value,"$8,948","$8,948"
03 - ENGINEERING AND RELATED TECHNOLOGIES,0301 - Manufacturing Engineering and Technology,030113 - Cabinet Making,Funding Cluster 3,"$8,948","$18,292",Any E312 value,Any E392 value,"$8,948","$8,948"
03 - ENGINEERING AND RELATED TECHNOLOGIES,0301 - Manufacturing Engineering and Technology,030115 - Furniture Upholstery and Renovation,Funding Cluster 3,"$8,948","$18,292",Any E312 value,Any E392 value,"$8,948","$8,948"
03 - ENGINEERING AND RELATED TECHNOLOGIES,0301 - Manufacturing Engineering and Technology,030117 - Furniture Polishing,Funding Cluster 3,"$8,948","$18,292",Any E312 value,Any E392 value,"$8,948","$8,948"
03 - ENGINEERING AND RELATED TECHNOLOGIES,0301 - Manufacturing Engineering and Technology,"030199 - Manufacturing Engineering and Technology, n.e.c.",Funding Cluster 3,"$8,948","$18,292",Any E312 value,Any E392 value,"$8,948","$8,948"
03 - ENGINEERING AND RELATED TECHNOLOGIES,0303 - Process and Resources Engineering,030300 - Process and Resources Engineering,Funding Cluster 3,"$8,948","$18,292",Any E312 value,Any E392 value,"$8,948","$8,948"
03 - ENGINEERING AND RELATED TECHNOLOGIES,0303 - Process and Resources Engineering,030301 - Chemical Engineering,Funding Cluster 3,"$8,948","$18,292",Any E312 value,Any E392 value,"$8,948","$8,948"
03 - ENGINEERING AND RELATED TECHNOLOGIES,0303 - Process and Resources Engineering,030303 - Mining Engineering,Funding Cluster 3,"$8,948","$18,292",Any E312 value,Any E392 value,"$8,948","$8,948"
03 - ENGINEERING AND RELATED TECHNOLOGIES,0303 - Process and Resources Engineering,030305 - Materials Engineering,Funding Cluster 3,"$8,948","$18,292",Any E312 value,Any E392 value,"$8,948","$8,948"
03 - ENGINEERING AND RELATED TECHNOLOGIES,0303 - Process and Resources Engineering,030307 - Food Processing Technology,Funding Cluster 3,"$8,948","$18,292",Any E312 value,Any E392 value,"$8,948","$8,948"
03 - ENGINEERING AND RELATED TECHNOLOGIES,0303 - Process and Resources Engineering,"030399 - Process and Resources Engineering, n.e.c.",Funding Cluster 3,"$8,948","$18,292",Any E312 value,Any E392 value,"$8,948","$8,948"
03 - ENGINEERING AND RELATED TECHNOLOGIES,0305 - Automotive Engineering and Technology,030500 - Automotive Engineering and Technology,Funding Cluster 3,"$8,948","$18,292",Any E312 value,Any E392 value,"$8,948","$8,948"
03 - ENGINEERING AND RELATED TECHNOLOGIES,0305 - Automotive Engineering and Technology,030501 - Automotive Engineering,Funding Cluster 3,"$8,948","$18,292",Any E312 value,Any E392 value,"$8,948","$8,948"
03 - ENGINEERING AND RELATED TECHNOLOGIES,0305 - Automotive Engineering and Technology,030503 - Vehicle Mechanics,Funding Cluster 3,"$8,948","$18,292",Any E312 value,Any E392 value,"$8,948","$8,948"
03 - ENGINEERING AND RELATED TECHNOLOGIES,0305 - Automotive Engineering and Technology,030505 - Automotive Electrics and Electronics,Funding Cluster 3,"$8,948","$18,292",Any E312 value,Any E392 value,"$8,948","$8,948"
03 - ENGINEERING AND RELATED TECHNOLOGIES,0305 - Automotive Engineering and Technology,030507 - Automotive Vehicle Refinishing,Funding Cluster 3,"$8,948","$18,292",Any E312 value,Any E392 value,"$8,948","$8,948"
03 - ENGINEERING AND RELATED TECHNOLOGIES,0305 - Automotive Engineering and Technology,030509 - Automotive Body Construction,Funding Cluster 3,"$8,948","$18,292",Any E312 value,Any E392 value,"$8,948","$8,948"
03 - ENGINEERING AND RELATED TECHNOLOGIES,0305 - Automotive Engineering and Technology,030511 - Panel Beating,Funding Cluster 3,"$8,948","$18,292",Any E312 value,Any E392 value,"$8,948","$8,948"
03 - ENGINEERING AND RELATED TECHNOLOGIES,0305 - Automotive Engineering and Technology,030513 - Upholstery and Vehicle Trimming,Funding Cluster 3,"$8,948","$18,292",Any E312 value,Any E392 value,"$8,948","$8,948"
03 - ENGINEERING AND RELATED TECHNOLOGIES,0305 - Automotive Engineering and Technology,030515 - Automotive Vehicle Operations,Funding Cluster 3,"$8,948","$18,292",Any E312 value,Any E392 value,"$8,948","$8,948"
03 - ENGINEERING AND RELATED TECHNOLOGIES,0305 - Automotive Engineering and Technology,"030599 - Automotive Engineering and Technology, n.e.c.",Funding Cluster 3,"$8,948","$18,292",Any E312 value,Any E392 value,"$8,948","$8,948"
03 - ENGINEERING AND RELATED TECHNOLOGIES,0307 - Mechanical and Industrial Engineering and Technology,030700 - Mechanical and Industrial Engineering and Technology,Funding Cluster 3,"$8,948","$18,292",Any E312 value,Any E392 value,"$8,948","$8,948"
03 - ENGINEERING AND RELATED TECHNOLOGIES,0307 - Mechanical and Industrial Engineering and Technology,030701 - Mechanical Engineering,Funding Cluster 3,"$8,948","$18,292",Any E312 value,Any E392 value,"$8,948","$8,948"
03 - ENGINEERING AND RELATED TECHNOLOGIES,0307 - Mechanical and Industrial Engineering and Technology,030703 - Industrial Engineering,Funding Cluster 3,"$8,948","$18,292",Any E312 value,Any E392 value,"$8,948","$8,948"
03 - ENGINEERING AND RELATED TECHNOLOGIES,0307 - Mechanical and Industrial Engineering and Technology,030705 - Toolmaking,Funding Cluster 3,"$8,948","$18,292",Any E312 value,Any E392 value,"$8,948","$8,948"
03 - ENGINEERING AND RELATED TECHNOLOGIES,0307 - Mechanical and Industrial Engineering and Technology,"030707 - Metal Fitting, Turning and Machining",Funding Cluster 3,"$8,948","$18,292",Any E312 value,Any E392 value,"$8,948","$8,948"
03 - ENGINEERING AND RELATED TECHNOLOGIES,0307 - Mechanical and Industrial Engineering and Technology,030709 - Sheetmetal Working,Funding Cluster 3,"$8,948","$18,292",Any E312 value,Any E392 value,"$8,948","$8,948"
03 - ENGINEERING AND RELATED TECHNOLOGIES,0307 - Mechanical and Industrial Engineering and Technology,030711 - Boilermaking and Welding,Funding Cluster 3,"$8,948","$18,292",Any E312 value,Any E392 value,"$8,948","$8,948"
03 - ENGINEERING AND RELATED TECHNOLOGIES,0307 - Mechanical and Industrial Engineering and Technology,030713 - Metal Casting and Patternmaking,Funding Cluster 3,"$8,948","$18,292",Any E312 value,Any E392 value,"$8,948","$8,948"
03 - ENGINEERING AND RELATED TECHNOLOGIES,0307 - Mechanical and Industrial Engineering and Technology,030715 - Precision Metalworking,Funding Cluster 3,"$8,948","$18,292",Any E312 value,Any E392 value,"$8,948","$8,948"
03 - ENGINEERING AND RELATED TECHNOLOGIES,0307 - Mechanical and Industrial Engineering and Technology,030717 - Plant and Machine Operations,Funding Cluster 3,"$8,948","$18,292",Any E312 value,Any E392 value,"$8,948","$8,948"
03 - ENGINEERING AND RELATED TECHNOLOGIES,0307 - Mechanical and Industrial Engineering and Technology,"030799 - Mechanical and Industrial Engineering and Technology, n.e.c.",Funding Cluster 3,"$8,948","$18,292",Any E312 value,Any E392 value,"$8,948","$8,948"
03 - ENGINEERING AND RELATED TECHNOLOGIES,0309 - Civil Engineering,030900 - Civil Engineering,Funding Cluster 3,"$8,948","$18,292",Any E312 value,Any E392 value,"$8,948","$8,948"
03 - ENGINEERING AND RELATED TECHNOLOGIES,0309 - Civil Engineering,030901 - Construction Engineering,Funding Cluster 3,"$8,948","$18,292",Any E312 value,Any E392 value,"$8,948","$8,948"
03 - ENGINEERING AND RELATED TECHNOLOGIES,0309 - Civil Engineering,030903 - Structural Engineering,Funding Cluster 3,"$8,948","$18,292",Any E312 value,Any E392 value,"$8,948","$8,948"
03 - ENGINEERING AND RELATED TECHNOLOGIES,0309 - Civil Engineering,030905 - Building Services Engineering,Funding Cluster 3,"$8,948","$18,292",Any E312 value,Any E392 value,"$8,948","$8,948"
03 - ENGINEERING AND RELATED TECHNOLOGIES,0309 - Civil Engineering,030907 - Water and Sanitary Engineering,Funding Cluster 3,"$8,948","$18,292",Any E312 value,Any E392 value,"$8,948","$8,948"
03 - ENGINEERING AND RELATED TECHNOLOGIES,0309 - Civil Engineering,030909 - Transport Engineering,Funding Cluster 3,"$8,948","$18,292",Any E312 value,Any E392 value,"$8,948","$8,948"
03 - ENGINEERING AND RELATED TECHNOLOGIES,0309 - Civil Engineering,030911 - Geotechnical Engineering,Funding Cluster 3,"$8,948","$18,292",Any E312 value,Any E392 value,"$8,948","$8,948"
03 - ENGINEERING AND RELATED TECHNOLOGIES,0309 - Civil Engineering,030913 - Ocean Engineering,Funding Cluster 3,"$8,948","$18,292",Any E312 value,Any E392 value,"$8,948","$8,948"
03 - ENGINEERING AND RELATED TECHNOLOGIES,0309 - Civil Engineering,"030999 - Civil Engineering, n.e.c.",Funding Cluster 3,"$8,948","$18,292",Any E312 value,Any E392 value,"$8,948","$8,948"
03 - ENGINEERING AND RELATED TECHNOLOGIES,0311 - Geomatic Engineering,031100 - Geomatic Engineering,Funding Cluster 3,"$8,948","$18,292",Any E312 value,Any E392 value,"$8,948","$8,948"
03 - ENGINEERING AND RELATED TECHNOLOGIES,0311 - Geomatic Engineering,031101 - Surveying,Funding Cluster 3,"$8,948","$18,292",Any E312 value,Any E392 value,"$8,948","$8,948"
03 - ENGINEERING AND RELATED TECHNOLOGIES,0311 - Geomatic Engineering,031103 - Mapping Science,Funding Cluster 3,"$8,948","$18,292",Any E312 value,Any E392 value,"$8,948","$8,948"
03 - ENGINEERING AND RELATED TECHNOLOGIES,0311 - Geomatic Engineering,"031199 - Geomatic Engineering, n.e.c.",Funding Cluster 3,"$8,948","$18,292",Any E312 value,Any E392 value,"$8,948","$8,948"
03 - ENGINEERING AND RELATED TECHNOLOGIES,0313 - Electrical and Electronic Engineering and Technology,031300 - Electrical and Electronic Engineering and Technology,Funding Cluster 3,"$8,948","$18,292",Any E312 value,Any E392 value,"$8,948","$8,948"
03 - ENGINEERING AND RELATED TECHNOLOGIES,0313 - Electrical and Electronic Engineering and Technology,031301 - Electrical Engineering,Funding Cluster 3,"$8,948","$18,292",Any E312 value,Any E392 value,"$8,948","$8,948"
03 - ENGINEERING AND RELATED TECHNOLOGIES,0313 - Electrical and Electronic Engineering and Technology,031303 - Electronic Engineering,Funding Cluster 3,"$8,948","$18,292",Any E312 value,Any E392 value,"$8,948","$8,948"
03 - ENGINEERING AND RELATED TECHNOLOGIES,0313 - Electrical and Electronic Engineering and Technology,031305 - Computer Engineering,Funding Cluster 3,"$8,948","$18,292",Any E312 value,Any E392 value,"$8,948","$8,948"
03 - ENGINEERING AND RELATED TECHNOLOGIES,0313 - Electrical and Electronic Engineering and Technology,031307 - Communications Technologies,Funding Cluster 3,"$8,948","$18,292",Any E312 value,Any E392 value,"$8,948","$8,948"
03 - ENGINEERING AND RELATED TECHNOLOGIES,0313 - Electrical and Electronic Engineering and Technology,031309 - Communications Equipment Installation and Maintenance,Funding Cluster 3,"$8,948","$18,292",Any E312 value,Any E392 value,"$8,948","$8,948"
03 - ENGINEERING AND RELATED TECHNOLOGIES,0313 - Electrical and Electronic Engineering and Technology,031311 - Powerline Installation and Maintenance,Funding Cluster 3,"$8,948","$18,292",Any E312 value,Any E392 value,"$8,948","$8,948"
03 - ENGINEERING AND RELATED TECHNOLOGIES,0313 - Electrical and Electronic Engineering and Technology,"031313 - Electrical Fitting, Electrical Mechanics",Funding Cluster 3,"$8,948","$18,292",Any E312 value,Any E392 value,"$8,948","$8,948"
03 - ENGINEERING AND RELATED TECHNOLOGIES,0313 - Electrical and Electronic Engineering and Technology,031315 - Refrigeration and Air Conditioning Mechanics,Funding Cluster 3,"$8,948","$18,292",Any E312 value,Any E392 value,"$8,948","$8,948"
03 - ENGINEERING AND RELATED TECHNOLOGIES,0313 - Electrical and Electronic Engineering and Technology,031317 - Electronic Equipment Servicing,Funding Cluster 3,"$8,948","$18,292",Any E312 value,Any E392 value,"$8,948","$8,948"
03 - ENGINEERING AND RELATED TECHNOLOGIES,0313 - Electrical and Electronic Engineering and Technology,"031399 - Electrical and Electronic Engineering and Technology, n.e.c.",Funding Cluster 3,"$8,948","$18,292",Any E312 value,Any E392 value,"$8,948","$8,948"
03 - ENGINEERING AND RELATED TECHNOLOGIES,0315 - Aerospace Engineering and Technology,031500 - Aerospace Engineering and Technology,Funding Cluster 3,"$8,948","$18,292",Any E312 value,Any E392 value,"$8,948","$8,948"
03 - ENGINEERING AND RELATED TECHNOLOGIES,0315 - Aerospace Engineering and Technology,031501 - Aerospace Engineering,Funding Cluster 3,"$8,948","$18,292",Any E312 value,Any E392 value,"$8,948","$8,948"
03 - ENGINEERING AND RELATED TECHNOLOGIES,0315 - Aerospace Engineering and Technology,031503 - Aircraft Maintenance Engineering,Funding Cluster 3,"$8,948","$18,292",Any E312 value,Any E392 value,"$8,948","$8,948"
03 - ENGINEERING AND RELATED TECHNOLOGIES,0315 - Aerospace Engineering and Technology,031505 - Aircraft Operation,Funding Cluster 3,"$8,948","$18,292",Any E312 value,Any E392 value,"$8,948","$8,948"
03 - ENGINEERING AND RELATED TECHNOLOGIES,0315 - Aerospace Engineering and Technology,031507 - Air Traffic Control,Funding Cluster 3,"$8,948","$18,292",Any E312 value,Any E392 value,"$8,948","$8,948"
03 - ENGINEERING AND RELATED TECHNOLOGIES,0315 - Aerospace Engineering and Technology,"031599 - Aerospace Engineering and Technology, n.e.c.",Funding Cluster 3,"$8,948","$18,292",Any E312 value,Any E392 value,"$8,948","$8,948"
03 - ENGINEERING AND RELATED TECHNOLOGIES,0317 - Maritime Engineering and Technology,031700 - Maritime Engineering and Technology,Funding Cluster 3,"$8,948","$18,292",Any E312 value,Any E392 value,"$8,948","$8,948"
03 - ENGINEERING AND RELATED TECHNOLOGIES,0317 - Maritime Engineering and Technology,031701 - Maritime Engineering,Funding Cluster 3,"$8,948","$18,292",Any E312 value,Any E392 value,"$8,948","$8,948"
03 - ENGINEERING AND RELATED TECHNOLOGIES,0317 - Maritime Engineering and Technology,031703 - Marine Construction,Funding Cluster 3,"$8,948","$18,292",Any E312 value,Any E392 value,"$8,948","$8,948"
03 - ENGINEERING AND RELATED TECHNOLOGIES,0317 - Maritime Engineering and Technology,031705 - Marine Craft Operation,Funding Cluster 3,"$8,948","$18,292",Any E312 value,Any E392 value,"$8,948","$8,948"
03 - ENGINEERING AND RELATED TECHNOLOGIES,0317 - Maritime Engineering and Technology,"031799 - Maritime Engineering and Technology, n.e.c.",Funding Cluster 3,"$8,948","$18,292",Any E312 value,Any E392 value,"$8,948","$8,948"
03 - ENGINEERING AND RELATED TECHNOLOGIES,0399 - Other Engineering and Related Technologies,039900 - Other Engineering and Related Technologies,Funding Cluster 3,"$8,948","$18,292",Any E312 value,Any E392 value,"$8,948","$8,948"
03 - ENGINEERING AND RELATED TECHNOLOGIES,0399 - Other Engineering and Related Technologies,039901 - Environmental Engineering,Funding Cluster 3,"$8,948","$18,292",Any E312 value,Any E392 value,"$8,948","$8,948"
03 - ENGINEERING AND RELATED TECHNOLOGIES,0399 - Other Engineering and Related Technologies,039903 - Biomedical Engineering,Funding Cluster 3,"$8,948","$18,292",Any E312 value,Any E392 value,"$8,948","$8,948"
03 - ENGINEERING AND RELATED TECHNOLOGIES,0399 - Other Engineering and Related Technologies,039905 - Fire Technology,Funding Cluster 3,"$8,948","$18,292",Any E312 value,Any E392 value,"$8,948","$8,948"
03 - ENGINEERING AND RELATED TECHNOLOGIES,0399 - Other Engineering and Related Technologies,039907 - Rail Operations,Funding Cluster 3,"$8,948","$18,292",Any E312 value,Any E392 value,"$8,948","$8,948"
03 - ENGINEERING AND RELATED TECHNOLOGIES,0399 - Other Engineering and Related Technologies,039909 - Cleaning,Funding Cluster 3,"$8,948","$18,292",Any E312 value,Any E392 value,"$8,948","$8,948"
03 - ENGINEERING AND RELATED TECHNOLOGIES,0399 - Other Engineering and Related Technologies,"039999 - Engineering and Related Technologies, n.e.c.",Funding Cluster 3,"$8,948","$18,292",Any E312 value,Any E392 value,"$8,948","$8,948"
"05 - AGRICULTURE, ENVIRONMENTAL AND RELATED STUDIES",0509 - Environmental Studies,050900 - Environmental Studies,Funding Cluster 3,"$8,948","$18,292",Any E312 value,Any E392 value,"$8,948","$8,948"
"05 - AGRICULTURE, ENVIRONMENTAL AND RELATED STUDIES",0509 - Environmental Studies,"050901 - Land, Parks and Wildlife Management",Funding Cluster 3,"$8,948","$18,292",Any E312 value,Any E392 value,"$8,948","$8,948"
"05 - AGRICULTURE, ENVIRONMENTAL AND RELATED STUDIES",0509 - Environmental Studies,"050999 - Environmental Studies, n.e.c.",Funding Cluster 3,"$8,948","$18,292",Any E312 value,Any E392 value,"$8,948","$8,948"
"05 - AGRICULTURE, ENVIRONMENTAL AND RELATED STUDIES","0599 - Other Agriculture, Environmental and Related Studies","059900 - Other Agriculture, Environmental and Related Studies",Funding Cluster 3,"$8,948","$18,292",Any E312 value,Any E392 value,"$8,948","$8,948"
"05 - AGRICULTURE, ENVIRONMENTAL AND RELATED STUDIES","0599 - Other Agriculture, Environmental and Related Studies",059901 - Pest and Weed Control,Funding Cluster 3,"$8,948","$18,292",Any E312 value,Any E392 value,"$8,948","$8,948"
"05 - AGRICULTURE, ENVIRONMENTAL AND RELATED STUDIES","0599 - Other Agriculture, Environmental and Related Studies","059999 - Agriculture, Environmental and Related Studies, n.e.c.",Funding Cluster 3,"$8,948","$18,292",Any E312 value,Any E392 value,"$8,948","$8,948"
"05 - AGRICULTURE, ENVIRONMENTAL AND RELATED STUDIES",0501 - Agriculture,050100 - Agriculture,Funding Cluster 4,"$4,445","$30,395",Any E312 value,Any E392 value,"$4,445","$4,445"
"05 - AGRICULTURE, ENVIRONMENTAL AND RELATED STUDIES",0501 - Agriculture,050101 - Agricultural Science,Funding Cluster 4,"$4,445","$30,395",Any E312 value,Any E392 value,"$4,445","$4,445"
"05 - AGRICULTURE, ENVIRONMENTAL AND RELATED STUDIES",0501 - Agriculture,050103 - Wool Science,Funding Cluster 4,"$4,445","$30,395",Any E312 value,Any E392 value,"$4,445","$4,445"
"05 - AGRICULTURE, ENVIRONMENTAL AND RELATED STUDIES",0501 - Agriculture,050105 - Animal Husbandry,Funding Cluster 4,"$4,445","$30,395",Any E312 value,Any E392 value,"$4,445","$4,445"
"05 - AGRICULTURE, ENVIRONMENTAL AND RELATED STUDIES",0501 - Agriculture,"050199 - Agriculture, n.e.c.",Funding Cluster 4,"$4,445","$30,395",Any E312 value,Any E392 value,"$4,445","$4,445"
"05 - AGRICULTURE, ENVIRONMENTAL AND RELATED STUDIES",0503 - Horticulture and Viticulture,050300 - Horticulture and Viticulture,Funding Cluster 4,"$4,445","$30,395",Any E312 value,Any E392 value,"$4,445","$4,445"
"05 - AGRICULTURE, ENVIRONMENTAL AND RELATED STUDIES",0503 - Horticulture and Viticulture,050301 - Horticulture,Funding Cluster 4,"$4,445","$30,395",Any E312 value,Any E392 value,"$4,445","$4,445"
"05 - AGRICULTURE, ENVIRONMENTAL AND RELATED STUDIES",0503 - Horticulture and Viticulture,050303 - Viticulture,Funding Cluster 4,"$4,445","$30,395",Any E312 value,Any E392 value,"$4,445","$4,445"
"05 - AGRICULTURE, ENVIRONMENTAL AND RELATED STUDIES",0505 - Forestry Studies,050500 - Forestry Sciences,Funding Cluster 4,"$4,445","$30,395",Any E312 value,Any E392 value,"$4,445","$4,445"
"05 - AGRICULTURE, ENVIRONMENTAL AND RELATED STUDIES",0505 - Forestry Studies,050501 - Forestry Studies,Funding Cluster 4,"$4,445","$30,395",Any E312 value,Any E392 value,"$4,445","$4,445"
"05 - AGRICULTURE, ENVIRONMENTAL AND RELATED STUDIES",0507 - Fisheries Studies,050700 - Fisheries Sciences,Funding Cluster 4,"$4,445","$30,395",Any E312 value,Any E392 value,"$4,445","$4,445"
"05 - AGRICULTURE, ENVIRONMENTAL AND RELATED STUDIES",0507 - Fisheries Studies,050701 - Aquaculture,Funding Cluster 4,"$4,445","$30,395",Any E312 value,Any E392 value,"$4,445","$4,445"
"05 - AGRICULTURE, ENVIRONMENTAL AND RELATED STUDIES",0507 - Fisheries Studies,"050799 - Fisheries Studies, n.e.c.",Funding Cluster 4,"$4,445","$30,395",Any E312 value,Any E392 value,"$4,445","$4,445"
06 - HEALTH,0601 - Medical Studies,060113 - Pathology,Funding Cluster 4,"$8,948","$30,395",Any E312 value,Any E392 value,"$8,948","$8,948"
06 - HEALTH,0601 - Medical Studies,060100 - Medical Studies,Funding Cluster 4,"$12,720","$30,395",Any E312 value,Any E392 value,"$12,720","$12,720"
06 - HEALTH,0601 - Medical Studies,060101 - General Medicine,Funding Cluster 4,"$12,720","$30,395",Any E312 value,Any E392 value,"$12,720","$12,720"
06 - HEALTH,0601 - Medical Studies,060103 - Surgery,Funding Cluster 4,"$12,720","$30,395",Any E312 value,Any E392 value,"$12,720","$12,720"
06 - HEALTH,0601 - Medical Studies,060105 - Psychiatry,Funding Cluster 4,"$12,720","$30,395",Any E312 value,Any E392 value,"$12,720","$12,720"
06 - HEALTH,0601 - Medical Studies,060107 - Obstetrics and Gynaecology,Funding Cluster 4,"$12,720","$30,395",Any E312 value,Any E392 value,"$12,720","$12,720"
06 - HEALTH,0601 - Medical Studies,060109 - Paediatrics,Funding Cluster 4,"$12,720","$30,395",Any E312 value,Any E392 value,"$12,720","$12,720"
06 - HEALTH,0601 - Medical Studies,060111 - Anaesthesiology,Funding Cluster 4,"$12,720","$30,395",Any E312 value,Any E392 value,"$12,720","$12,720"
06 - HEALTH,0601 - Medical Studies,060115 - Radiology,Funding Cluster 4,"$12,720","$30,395",Any E312 value,Any E392 value,"$12,720","$12,720"
06 - HEALTH,0601 - Medical Studies,060117 - Internal Medicine,Funding Cluster 4,"$12,720","$30,395",Any E312 value,Any E392 value,"$12,720","$12,720"
06 - HEALTH,0601 - Medical Studies,060119 - General Practice,Funding Cluster 4,"$12,720","$30,395",Any E312 value,Any E392 value,"$12,720","$12,720"
06 - HEALTH,0601 - Medical Studies,"060199 - Medical Studies, n.e.c.",Funding Cluster 4,"$12,720","$30,395",Any E312 value,Any E392 value,"$12,720","$12,720"
06 - HEALTH,0607 - Dental Studies,060700 - Dental Studies,Funding Cluster 4,"$12,720","$30,395",Any E312 value,Any E392 value,"$12,720","$12,720"
06 - HEALTH,0607 - Dental Studies,060701 - Dentistry,Funding Cluster 4,"$12,720","$30,395",Any E312 value,Any E392 value,"$12,720","$12,720"
06 - HEALTH,0607 - Dental Studies,060703 - Dental Assisting,Funding Cluster 4,"$12,720","$30,395",Any E312 value,Any E392 value,"$12,720","$12,720"
06 - HEALTH,0607 - Dental Studies,060705 - Dental Technology,Funding Cluster 4,"$12,720","$30,395",Any E312 value,Any E392 value,"$12,720","$12,720"
06 - HEALTH,0607 - Dental Studies,"060799 - Dental Studies, n.e.c.",Funding Cluster 4,"$12,720","$30,395",Any E312 value,Any E392 value,"$12,720","$12,720"
06 - HEALTH,0611 - Veterinary Studies,061100 - Veterinary Studies,Funding Cluster 4,"$12,720","$30,395",Any E312 value,Any E392 value,"$12,720","$12,720"
06 - HEALTH,0611 - Veterinary Studies,061101 - Veterinary Science,Funding Cluster 4,"$12,720","$30,395",Any E312 value,Any E392 value,"$12,720","$12,720"
06 - HEALTH,0611 - Veterinary Studies,061103 - Veterinary Assisting,Funding Cluster 4,"$12,720","$30,395",Any E312 value,Any E392 value,"$12,720","$12,720"
06 - HEALTH,0611 - Veterinary Studies,"061199 - Veterinary Studies, n.e.c.",Funding Cluster 4,"$12,720","$30,395",Any E312 value,Any E392 value,"$12,720","$12,720"